date,close,change,change_percent,direction
2017-08-18,4138.55,-153.84,-3.5840,down
2017-08-19,4094.62,-43.93,-1.0615,down
2017-08-20,4084.76,-9.86,-0.2408,down
2017-08-21,3862.39,-222.37,-5.4439,down
2017-08-22,4100.41,238.02,6.1625,up
2017-08-23,4113.58,13.17,0.3212,up
2017-08-24,4312.69,199.11,4.8403,up
2017-08-25,4297.94,-14.75,-0.3420,down
2017-08-26,4314.91,16.97,0.3948,up
2017-08-27,4239.37,-75.54,-1.7507,down
2017-08-28,4376.99,137.62,3.2462,up
2017-08-29,4583.61,206.62,4.7206,up
2017-08-30,4593.66,10.05,0.2193,up
2017-08-31,4714.73,121.07,2.6356,up
2017-09-01,4788.07,73.34,1.5556,up
2017-09-02,4569.54,-218.53,-4.5641,down
2017-09-03,4340.51,-229.03,-5.0121,down
2017-09-04,3988.04,-352.47,-8.1205,down
2017-09-05,4430.02,441.98,11.0826,up
2017-09-06,4484.03,54.01,1.2192,up
2017-09-07,4605.05,121.02,2.6989,up
2017-09-08,4242.01,-363.04,-7.8835,down
2017-09-09,4144.00,-98.01,-2.3105,down
2017-09-10,4312.05,168.05,4.0553,up
2017-09-11,4294.25,-17.80,-0.4128,down
2017-09-12,3936.84,-357.41,-8.3230,down
2017-09-13,3806.00,-130.84,-3.3235,down
2017-09-14,3370.00,-436.00,-11.4556,down
2017-09-15,3770.00,400.00,11.8694,up
2017-09-16,3580.00,-190.00,-5.0398,down
2017-09-17,3830.00,250.00,6.9832,up
2017-09-18,3971.02,141.02,3.6820,up
2017-09-19,3875.93,-95.09,-2.3946,down
2017-09-20,3827.66,-48.27,-1.2454,down
2017-09-21,3697.51,-130.15,-3.4002,down
2017-09-22,3605.00,-92.51,-2.5020,down
2017-09-23,3782.90,177.90,4.9348,up
2017-09-24,3751.00,-31.90,-0.8433,down
2017-09-25,3896.02,145.02,3.8662,up
2017-09-26,3947.00,50.98,1.3085,up
2017-09-27,4200.00,253.00,6.4099,up
2017-09-28,4032.87,-167.13,-3.9793,down
2017-09-29,4214.00,181.13,4.4913,up
2017-09-30,4312.58,98.58,2.3393,up
2017-10-01,4419.85,107.27,2.4874,up
2017-10-02,4405.00,-14.85,-0.3360,down
2017-10-03,4290.01,-114.99,-2.6104,down
2017-10-04,4143.04,-146.97,-3.4259,down
2017-10-05,4316.98,173.94,4.1984,up
2017-10-06,4381.00,64.02,1.4830,up
2017-10-07,4457.62,76.62,1.7489,up
2017-10-08,4659.00,201.38,4.5177,up
2017-10-09,4788.02,129.02,2.7693,up
2017-10-10,4753.16,-34.86,-0.7281,down
2017-10-11,4843.37,90.21,1.8979,up
2017-10-12,5748.00,904.63,18.6777,up
2017-10-13,5700.51,-47.49,-0.8262,down
2017-10-14,5771.07,70.56,1.2378,up
2017-10-15,5600.05,-171.02,-2.9634,down
2017-10-16,5620.01,19.96,0.3564,up
2017-10-17,5484.86,-135.15,-2.4048,down
2017-10-18,5585.00,100.14,1.8258,up
2017-10-19,5669.08,84.08,1.5055,up
2017-10-20,6110.01,440.93,7.7778,up
2017-10-21,5950.24,-159.77,-2.6149,down
2017-10-22,5950.25,0.01,0.0002,up
2017-10-23,5625.03,-325.22,-5.4657,down
2017-10-24,5515.96,-109.07,-1.9390,down
2017-10-25,5719.99,204.03,3.6989,up
2017-10-26,5905.00,185.01,3.2344,up
2017-10-27,5726.92,-178.08,-3.0157,down
2017-10-28,5715.01,-11.91,-0.2080,down
2017-10-29,6155.88,440.87,7.7142,up
2017-10-30,6139.88,-16.00,-0.2599,down
2017-10-31,6458.88,319.00,5.1955,up
2017-11-01,6831.00,372.12,5.7614,up
2017-11-02,7172.41,341.41,4.9980,up
2017-11-03,7125.12,-47.29,-0.6593,down
2017-11-04,7409.93,284.81,3.9973,up
2017-11-05,7275.00,-134.93,-1.8209,down
2017-11-06,7159.98,-115.02,-1.5810,down
2017-11-07,7303.01,143.03,1.9976,up
2017-11-08,7345.05,42.04,0.5757,up
2017-11-09,7149.18,-195.87,-2.6667,down
2017-11-10,6578.74,-570.44,-7.9791,down
2017-11-11,6060.00,-518.74,-7.8851,down
2017-11-12,6196.66,136.66,2.2551,up
2017-11-13,6545.33,348.67,5.6267,up
2017-11-14,6850.23,304.90,4.6583,up
2017-11-15,7369.99,519.76,7.5875,up
2017-11-16,7498.00,128.01,1.7369,up
2017-11-17,7674.97,176.97,2.3602,up
2017-11-18,7690.01,15.04,0.1960,up
2017-11-19,8014.01,324.00,4.2133,up
2017-11-20,8165.55,151.54,1.8909,up
2017-11-21,8289.88,124.33,1.5226,up
2017-11-22,8140.00,-149.88,-1.8080,down
2017-11-23,8280.00,140.00,1.7199,up
2017-11-24,8280.89,0.89,0.0107,up
2017-11-25,8864.00,583.11,7.0416,up
2017-11-26,9645.55,781.55,8.8171,up
2017-11-27,9817.00,171.45,1.7775,up
2017-11-28,10429.98,612.98,6.2441,up
2017-11-29,10070.00,-359.98,-3.4514,down
2017-11-30,9540.00,-530.00,-5.2632,down
2017-12-01,10931.04,1391.04,14.5811,up
2017-12-02,11146.02,214.98,1.9667,up
2017-12-03,11544.76,398.74,3.5774,up
2017-12-04,11780.00,235.24,2.0376,up
2017-12-05,12426.93,646.93,5.4918,up
2017-12-06,14302.84,1875.91,15.0955,up
2017-12-07,15880.00,1577.16,11.0269,up
2017-12-08,15340.01,-539.99,-3.4004,down
2017-12-09,13419.98,-1920.03,-12.5165,down
2017-12-10,16431.00,3011.02,22.4368,up
2017-12-11,16799.97,368.97,2.2456,up
2017-12-12,16092.34,-707.63,-4.2121,down
2017-12-13,15775.23,-317.11,-1.9706,down
2017-12-14,17073.27,1298.04,8.2283,up
2017-12-15,17677.54,604.27,3.5393,up
2017-12-16,19462.98,1785.44,10.1000,up
2017-12-17,18576.99,-885.99,-4.5522,down
2017-12-18,18562.01,-14.98,-0.0806,down
2017-12-19,16354.17,-2207.84,-11.8944,down
2017-12-20,17038.99,684.82,4.1874,up
2017-12-21,12726.45,-4312.54,-25.3098,down
2017-12-22,13609.25,882.80,6.9367,up
2017-12-23,13252.12,-357.13,-2.6242,down
2017-12-24,13561.14,309.02,2.3319,up
2017-12-25,15063.02,1501.88,11.0749,up
2017-12-26,16055.00,991.98,6.5855,up
2017-12-27,13984.39,-2070.61,-12.8970,down
2017-12-28,14450.00,465.61,3.3295,up
2017-12-29,13620.00,-830.00,-5.7439,down
2017-12-30,12797.46,-822.54,-6.0392,down
2017-12-31,13570.35,772.89,6.0394,up
2018-01-01,13343.00,-227.35,-1.6753,down
2018-01-02,15170.00,1827.00,13.6926,up
2018-01-03,14748.00,-422.00,-2.7818,down
2018-01-04,14920.14,172.14,1.1672,up
2018-01-05,16518.00,1597.86,10.7094,up
2018-01-06,16746.99,228.99,1.3863,up
2018-01-07,15865.00,-881.99,-5.2666,down
2018-01-08,15062.28,-802.72,-5.0597,down
2018-01-09,13979.00,-1083.28,-7.1920,down
2018-01-10,13530.42,-448.58,-3.2090,down
2018-01-11,13722.04,191.62,1.4162,up
2018-01-12,14255.09,533.05,3.8846,up
2018-01-13,13590.00,-665.09,-4.6656,down
2018-01-14,13355.00,-235.00,-1.7292,down
2018-01-15,12347.32,-1007.68,-7.5453,down
2018-01-16,10765.01,-1582.31,-12.8150,down
2018-01-17,10472.97,-292.04,-2.7129,down
2018-01-18,11069.72,596.75,5.6980,up
2018-01-19,12660.98,1591.26,14.3749,up
2018-01-20,11701.14,-959.84,-7.5811,down
2018-01-21,11743.97,42.83,0.3660,up
2018-01-22,10250.00,-1493.97,-12.7212,down
2018-01-23,10956.00,706.00,6.8878,up
2018-01-24,11460.00,504.00,4.6002,up
2018-01-25,11010.00,-450.00,-3.9267,down
2018-01-26,11243.68,233.68,2.1224,up
2018-01-27,11969.00,725.32,6.4509,up
2018-01-28,11318.01,-650.99,-5.4390,down
2018-01-29,11118.99,-199.02,-1.7584,down
2018-01-30,10280.00,-838.99,-7.5456,down
2018-01-31,10063.75,-216.25,-2.1036,down
2018-02-01,8673.11,-1390.64,-13.8183,down
2018-02-02,8708.82,35.71,0.4117,up
2018-02-03,9200.00,491.18,5.6400,up
2018-02-04,7965.01,-1234.99,-13.4238,down
2018-02-05,6043.00,-1922.01,-24.1307,down
2018-02-06,7669.97,1626.97,26.9232,up
2018-02-07,7784.02,114.05,1.4870,up
2018-02-09,8915.15,1131.13,14.5314,up
2018-02-10,7850.72,-1064.43,-11.9396,down
2018-02-11,8473.76,623.04,7.9361,up
2018-02-12,8669.39,195.63,2.3087,up
2018-02-13,8870.17,200.78,2.3160,up
2018-02-14,9810.01,939.84,10.5955,up
2018-02-15,9688.50,-121.51,-1.2386,down
2018-02-16,10727.91,1039.41,10.7283,up
2018-02-17,10589.76,-138.15,-1.2878,down
2018-02-18,10815.62,225.86,2.1328,up
2018-02-19,11535.00,719.38,6.6513,up
2018-02-20,11125.00,-410.00,-3.5544,down
2018-02-21,10600.00,-525.00,-4.7191,down
2018-02-22,9865.66,-734.34,-6.9277,down
2018-02-23,10119.16,253.50,2.5695,up
2018-02-24,9727.30,-391.86,-3.8725,down
2018-02-25,9454.49,-272.81,-2.8046,down
2018-02-26,10600.00,1145.51,12.1160,up
2018-02-27,10748.86,148.86,1.4043,up
2018-02-28,10549.33,-199.53,-1.8563,down
2018-03-01,11080.42,531.09,5.0343,up
2018-03-02,11317.00,236.58,2.1351,up
2018-03-03,11140.30,-176.70,-1.5614,down
2018-03-04,11539.87,399.57,3.5867,up
2018-03-05,11270.00,-269.87,-2.3386,down
2018-03-06,10510.00,-760.00,-6.7436,down
2018-03-07,9936.98,-573.02,-5.4521,down
2018-03-08,8686.43,-1250.55,-12.5848,down
2018-03-09,9327.43,641.00,7.3793,up
2018-03-10,8704.00,-623.43,-6.6838,down
2018-03-11,9416.09,712.09,8.1812,up
2018-03-12,9037.71,-378.38,-4.0184,down
2018-03-13,9249.93,212.22,2.3482,up
2018-03-14,7870.15,-1379.78,-14.9167,down
2018-03-15,8040.74,170.59,2.1676,up
2018-03-16,8199.92,159.18,1.9797,up
2018-03-17,7666.35,-533.57,-6.5070,down
2018-03-18,8169.25,502.90,6.5598,up
2018-03-19,8599.97,430.72,5.2725,up
2018-03-20,9042.23,442.26,5.1426,up
2018-03-21,9017.01,-25.22,-0.2789,down
2018-03-22,8410.05,-606.96,-6.7313,down
2018-03-23,8880.02,469.97,5.5882,up
2018-03-24,8555.58,-324.44,-3.6536,down
2018-03-25,8440.92,-114.66,-1.3402,down
2018-03-26,7866.42,-574.50,-6.8061,down
2018-03-27,7874.98,8.56,0.1088,up
2018-03-28,7880.94,5.96,0.0757,up
2018-03-29,6861.01,-1019.93,-12.9417,down
2018-03-30,6959.02,98.01,1.4285,up
2018-03-31,6922.12,-36.90,-0.5302,down
2018-04-01,6980.72,58.60,0.8466,up
2018-04-02,7180.01,199.29,2.8549,up
2018-04-03,7295.71,115.70,1.6114,up
2018-04-04,6776.99,-518.72,-7.1099,down
2018-04-05,6760.00,-16.99,-0.2507,down
2018-04-06,6864.32,104.32,1.5432,up
2018-04-07,6964.98,100.66,1.4664,up
2018-04-08,7131.85,166.87,2.3958,up
2018-04-09,6805.63,-326.22,-4.5741,down
2018-04-10,6818.79,13.16,0.1934,up
2018-04-11,6965.20,146.41,2.1472,up
2018-04-12,7832.99,867.79,12.4589,up
2018-04-13,8044.66,211.67,2.7023,up
2018-04-14,8083.99,39.33,0.4889,up
2018-04-15,8146.90,62.91,0.7782,up
2018-04-16,8045.78,-101.12,-1.2412,down
2018-04-17,7947.71,-98.07,-1.2189,down
2018-04-18,8185.00,237.29,2.9856,up
2018-04-19,8331.03,146.03,1.7841,up
2018-04-20,8862.00,530.97,6.3734,up
2018-04-21,8811.00,-51.00,-0.5755,down
2018-04-22,8861.52,50.52,0.5734,up
2018-04-23,9192.47,330.95,3.7347,up
2018-04-24,9347.99,155.52,1.6918,up
2018-04-25,8808.02,-539.97,-5.7763,down
2018-04-26,9143.01,334.99,3.8032,up
2018-04-27,9155.00,11.99,0.1311,up
2018-04-28,9484.26,329.26,3.5965,up
2018-04-29,9269.85,-214.41,-2.2607,down
2018-04-30,8938.01,-331.84,-3.5798,down
2018-05-01,9039.06,101.05,1.1306,up
2018-05-02,9250.90,211.84,2.3436,up
2018-05-03,9580.00,329.10,3.5575,up
2018-05-04,9830.32,250.32,2.6129,up
2018-05-05,9895.99,65.67,0.6680,up
2018-05-06,9350.02,-545.97,-5.5171,down
2018-05-07,9444.00,93.98,1.0051,up
2018-05-08,9032.08,-411.92,-4.3617,down
2018-05-09,9344.89,312.81,3.4633,up
2018-05-10,8918.86,-426.03,-4.5590,down
2018-05-11,8385.03,-533.83,-5.9854,down
2018-05-12,8433.00,47.97,0.5721,up
2018-05-13,8390.00,-43.00,-0.5099,down
2018-05-14,8716.44,326.44,3.8908,up
2018-05-15,8140.00,-576.44,-6.6133,down
2018-05-16,8352.00,212.00,2.6044,up
2018-05-17,7995.00,-357.00,-4.2744,down
2018-05-18,8224.40,229.40,2.8693,up
2018-05-19,8246.02,21.62,0.2629,up
2018-05-20,8501.00,254.98,3.0922,up
2018-05-21,8324.94,-176.06,-2.0711,down
2018-05-22,7956.00,-368.94,-4.4317,down
2018-05-23,7604.35,-351.65,-4.4199,down
2018-05-24,7591.96,-12.39,-0.1629,down
2018-05-25,7435.46,-156.50,-2.0614,down
2018-05-26,7297.95,-137.51,-1.8494,down
2018-05-27,7374.98,77.03,1.0555,up
2018-05-28,7115.99,-258.99,-3.5117,down
2018-05-29,7486.01,370.02,5.1998,up
2018-05-30,7370.24,-115.77,-1.5465,down
2018-05-31,7495.13,124.89,1.6945,up
2018-06-01,7500.00,4.87,0.0650,up
2018-06-02,7643.10,143.10,1.9080,up
2018-06-03,7690.00,46.90,0.6136,up
2018-06-04,7417.36,-272.64,-3.5454,down
2018-06-05,7595.00,177.64,2.3949,up
2018-06-06,7722.28,127.28,1.6758,up
2018-06-07,7630.50,-91.78,-1.1885,down
2018-06-08,7661.15,30.65,0.4017,up
2018-06-09,7261.03,-400.12,-5.2227,down
2018-06-10,6768.60,-492.43,-6.7818,down
2018-06-11,6811.00,42.40,0.6264,up
2018-06-12,6537.63,-273.37,-4.0137,down
2018-06-13,6497.05,-40.58,-0.6207,down
2018-06-14,6602.12,105.07,1.6172,up
2018-06-15,6399.02,-203.10,-3.0763,down
2018-06-16,6540.00,140.98,2.2031,up
2018-06-17,6415.50,-124.50,-1.9037,down
2018-06-18,6683.00,267.50,4.1696,up
2018-06-19,6601.73,-81.27,-1.2161,down
2018-06-20,6772.41,170.68,2.5854,up
2018-06-21,6660.29,-112.12,-1.6555,down
2018-06-22,6095.42,-564.87,-8.4812,down
2018-06-23,6047.85,-47.57,-0.7804,down
2018-06-24,6119.90,72.05,1.1913,up
2018-06-25,6227.99,108.09,1.7662,up
2018-06-26,6031.80,-196.19,-3.1501,down
2018-06-27,6094.85,63.05,1.0453,up
2018-06-28,5886.09,-208.76,-3.4252,down
2018-06-29,6366.00,479.91,8.1533,up
2018-06-30,6344.57,-21.43,-0.3366,down
2018-07-01,6346.00,1.43,0.0225,up
2018-07-02,6645.00,299.00,4.7116,up
2018-07-03,6481.69,-163.31,-2.4576,down
2018-07-04,6626.88,145.19,2.2400,up
2018-07-05,6530.00,-96.88,-1.4619,down
2018-07-06,6599.99,69.99,1.0718,up
2018-07-07,6718.90,118.91,1.8017,up
2018-07-08,6717.28,-1.62,-0.0241,down
2018-07-09,6632.22,-85.06,-1.2663,down
2018-07-10,6337.00,-295.22,-4.4513,down
2018-07-11,6343.80,6.80,0.1073,up
2018-07-12,6258.95,-84.85,-1.3375,down
2018-07-13,6208.98,-49.97,-0.7984,down
2018-07-14,6257.99,49.01,0.7893,up
2018-07-15,6357.75,99.76,1.5941,up
2018-07-16,6739.00,381.25,5.9966,up
2018-07-17,7457.03,718.03,10.6548,up
2018-07-18,7316.00,-141.03,-1.8912,down
2018-07-19,7461.35,145.35,1.9867,up
2018-07-20,7280.02,-181.33,-2.4303,down
2018-07-21,7422.93,142.91,1.9630,up
2018-07-22,7623.00,200.07,2.6953,up
2018-07-23,7774.00,151.00,1.9808,up
2018-07-24,8374.31,600.31,7.7220,up
2018-07-25,8228.23,-146.08,-1.7444,down
2018-07-26,7886.35,-341.88,-4.1550,down
2018-07-27,8164.99,278.64,3.5332,up
2018-07-28,8240.44,75.45,0.9241,up
2018-07-29,8192.11,-48.33,-0.5865,down
2018-07-30,8129.97,-62.14,-0.7585,down
2018-07-31,7539.99,-589.98,-7.2569,down
2018-08-01,7642.33,102.34,1.3573,up
2018-08-02,7325.91,-316.42,-4.1404,down
2018-08-03,7456.05,130.14,1.7764,up
2018-08-04,7011.14,-444.91,-5.9671,down
2018-08-05,7087.99,76.85,1.0961,up
2018-08-06,6935.99,-152.00,-2.1445,down
2018-08-07,6588.57,-347.42,-5.0089,down
2018-08-08,6310.52,-278.05,-4.2202,down
2018-08-09,6457.69,147.17,2.3321,up
2018-08-10,6114.77,-342.92,-5.3103,down
2018-08-11,6272.99,158.22,2.5875,up
2018-08-12,6349.99,77.00,1.2275,up
2018-08-13,5974.95,-375.04,-5.9062,down
2018-08-14,6289.99,315.04,5.2727,up
2018-08-15,6270.50,-19.49,-0.3099,down
2018-08-16,6413.84,143.34,2.2859,up
2018-08-17,6524.99,111.15,1.7330,up
2018-08-18,6335.00,-189.99,-2.9117,down
2018-08-19,6484.18,149.18,2.3549,up
2018-08-20,6311.96,-172.22,-2.6560,down
2018-08-21,6726.01,414.05,6.5598,up
2018-08-22,6399.00,-327.01,-4.8619,down
2018-08-23,6495.00,96.00,1.5002,up
2018-08-24,6717.38,222.38,3.4239,up
2018-08-25,6616.99,-100.39,-1.4945,down
2018-08-26,6670.54,53.55,0.8093,up
2018-08-27,6877.11,206.57,3.0968,up
2018-08-28,7045.00,167.89,2.4413,up
2018-08-29,7022.18,-22.82,-0.3239,down
2018-08-30,6973.00,-49.18,-0.7004,down
2018-08-31,7066.92,93.92,1.3469,up
2018-09-01,7192.26,125.34,1.7736,up
2018-09-02,7263.02,70.76,0.9838,up
2018-09-03,7272.05,9.03,0.1243,up
2018-09-04,7379.33,107.28,1.4752,up
2018-09-05,6444.58,-934.75,-12.6671,down
2018-09-06,6492.27,47.69,0.7400,up
2018-09-07,6428.75,-63.52,-0.9784,down
2018-09-08,6171.92,-256.83,-3.9950,down
2018-09-09,6312.97,141.05,2.2854,up
2018-09-10,6355.00,42.03,0.6658,up
2018-09-11,6260.97,-94.03,-1.4796,down
2018-09-12,6388.00,127.03,2.0289,up
2018-09-13,6542.37,154.37,2.4166,up
2018-09-14,6496.85,-45.52,-0.6958,down
2018-09-15,6478.33,-18.52,-0.2851,down
2018-09-16,6517.16,38.83,0.5994,up
2018-09-17,6238.74,-278.42,-4.2721,down
2018-09-18,6364.10,125.36,2.0094,up
2018-09-19,6397.29,33.19,0.5215,up
2018-09-20,6554.70,157.41,2.4606,up
2018-09-21,6738.15,183.45,2.7988,up
2018-09-22,6711.60,-26.55,-0.3940,down
2018-09-23,6719.66,8.06,0.1201,up
2018-09-24,6468.18,-251.48,-3.7425,down
2018-09-25,6390.50,-77.68,-1.2010,down
2018-09-26,6508.47,117.97,1.8460,up
2018-09-27,6702.26,193.79,2.9775,up
2018-09-28,6500.89,-201.37,-3.0045,down
2018-09-29,6580.00,79.11,1.2169,up
2018-09-30,6644.61,64.61,0.9819,up
2018-10-01,6606.02,-38.59,-0.5808,down
2018-10-02,6462.09,-143.93,-2.1788,down
2018-10-03,6598.51,136.42,2.1111,up
2018-10-04,6579.00,-19.51,-0.2957,down
2018-10-05,6608.91,29.91,0.4546,up
2018-10-06,6604.07,-4.84,-0.0732,down
2018-10-07,6605.26,1.19,0.0180,up
2018-10-08,6661.17,55.91,0.8464,up
2018-10-09,6616.06,-45.11,-0.6772,down
2018-10-10,6340.52,-275.54,-4.1647,down
2018-10-11,6308.11,-32.41,-0.5112,down
2018-10-12,6296.01,-12.10,-0.1918,down
2018-10-13,6363.11,67.10,1.0658,up
2018-10-14,6380.00,16.89,0.2654,up
2018-10-15,6730.96,350.96,5.5009,up
2018-10-16,6774.00,43.04,0.6394,up
2018-10-17,6761.26,-12.74,-0.1881,down
2018-10-18,6613.00,-148.26,-2.1928,down
2018-10-19,6543.05,-69.95,-1.0578,down
2018-10-20,6616.62,73.57,1.1244,up
2018-10-21,6597.91,-18.71,-0.2828,down
2018-10-22,6577.88,-20.03,-0.3036,down
2018-10-23,6581.65,3.77,0.0573,up
2018-10-24,6536.00,-45.65,-0.6936,down
2018-10-25,6529.16,-6.84,-0.1047,down
2018-10-26,6550.06,20.90,0.3201,up
2018-10-27,6499.79,-50.27,-0.7675,down
2018-10-28,6496.94,-2.85,-0.0438,down
2018-10-29,6363.76,-133.18,-2.0499,down
2018-10-30,6339.39,-24.37,-0.3829,down
2018-10-31,6362.59,23.20,0.3660,up
2018-11-01,6431.97,69.38,1.0904,up
2018-11-02,6414.95,-17.02,-0.2646,down
2018-11-03,6371.82,-43.13,-0.6723,down
2018-11-04,6472.01,100.19,1.5724,up
2018-11-05,6464.34,-7.67,-0.1185,down
2018-11-06,6581.97,117.63,1.8197,up
2018-11-07,6536.31,-45.66,-0.6937,down
2018-11-08,6499.27,-37.04,-0.5667,down
2018-11-09,6445.89,-53.38,-0.8213,down
2018-11-10,6443.67,-2.22,-0.0344,down
2018-11-11,6447.29,3.62,0.0562,up
2018-11-12,6460.48,13.19,0.2046,up
2018-11-13,6472.00,11.52,0.1783,up
2018-11-14,5760.94,-711.06,-10.9867,down
2018-11-15,5641.80,-119.14,-2.0681,down
2018-11-16,5638.06,-3.74,-0.0663,down
2018-11-17,5660.59,22.53,0.3996,up
2018-11-18,5467.52,-193.07,-3.4108,down
2018-11-19,4671.19,-796.33,-14.5647,down
2018-11-20,4653.78,-17.41,-0.3727,down
2018-11-21,4630.02,-23.76,-0.5106,down
2018-11-22,4355.08,-274.94,-5.9382,down
2018-11-23,4389.04,33.96,0.7798,up
2018-11-24,3866.78,-522.26,-11.8992,down
2018-11-25,4085.81,219.03,5.6644,up
2018-11-26,3849.54,-236.27,-5.7827,down
2018-11-27,4106.80,257.26,6.6829,up
2018-11-28,4212.71,105.91,2.5789,up
2018-11-29,4223.27,10.56,0.2507,up
2018-11-30,3997.80,-225.47,-5.3388,down
2018-12-01,4179.93,182.13,4.5558,up
2018-12-02,4032.76,-147.17,-3.5209,down
2018-12-03,4027.64,-5.12,-0.1270,down
2018-12-04,3850.89,-176.75,-4.3884,down
2018-12-05,3859.33,8.44,0.2192,up
2018-12-06,3398.00,-461.33,-11.9536,down
2018-12-07,3428.78,30.78,0.9058,up
2018-12-08,3416.72,-12.06,-0.3517,down
2018-12-09,3503.63,86.91,2.5437,up
2018-12-10,3421.26,-82.37,-2.3510,down
2018-12-11,3405.96,-15.30,-0.4472,down
2018-12-12,3402.60,-3.36,-0.0987,down
2018-12-13,3307.42,-95.18,-2.7973,down
2018-12-14,3227.90,-79.52,-2.4043,down
2018-12-15,3251.12,23.22,0.7194,up
2018-12-16,3273.33,22.21,0.6831,up
2018-12-17,3510.83,237.50,7.2556,up
2018-12-18,3698.31,187.48,5.3400,up
2018-12-19,3733.70,35.39,0.9569,up
2018-12-20,3986.00,252.30,6.7574,up
2018-12-21,3834.70,-151.30,-3.7958,down
2018-12-22,3958.92,124.22,3.2394,up
2018-12-23,4161.50,202.58,5.1171,up
2018-12-24,3750.39,-411.11,-9.8789,down
2018-12-25,3743.45,-6.94,-0.1850,down
2018-12-26,3725.47,-17.98,-0.4803,down
2018-12-27,3561.00,-164.47,-4.4147,down
2018-12-28,3858.26,297.26,8.3477,up
2018-12-29,3724.94,-133.32,-3.4554,down
2018-12-30,3754.45,29.51,0.7922,up
2018-12-31,3713.83,-40.62,-1.0819,down
2019-01-01,3771.08,57.25,1.5415,up
2019-01-02,3828.88,57.80,1.5327,up
2019-01-03,3783.28,-45.60,-1.1909,down
2019-01-04,3785.15,1.87,0.0494,up
2019-01-05,3767.94,-17.21,-0.4547,down
2019-01-06,4001.00,233.06,6.1853,up
2019-01-07,3953.60,-47.40,-1.1847,down
2019-01-08,3987.88,34.28,0.8671,up
2019-01-09,3777.02,-210.86,-5.2875,down
2019-01-10,3595.47,-181.55,-4.8067,down
2019-01-11,3582.38,-13.09,-0.3641,down
2019-01-12,3583.68,1.30,0.0363,up
2019-01-13,3511.83,-71.85,-2.0049,down
2019-01-14,3629.09,117.26,3.3390,up
2019-01-15,3555.07,-74.02,-2.0396,down
2019-01-16,3584.00,28.93,0.8138,up
2019-01-17,3604.01,20.01,0.5583,up
2019-01-18,3604.40,0.39,0.0108,up
2019-01-19,3678.87,74.47,2.0661,up
2019-01-20,3526.83,-152.04,-4.1328,down
2019-01-21,3515.70,-11.13,-0.3156,down
2019-01-22,3561.73,46.03,1.3093,up
2019-01-23,3546.33,-15.40,-0.4324,down
2019-01-24,3568.48,22.15,0.6246,up
2019-01-25,3620.58,52.10,1.4600,up
2019-01-26,3562.01,-58.57,-1.6177,down
2019-01-27,3454.40,-107.61,-3.0210,down
2019-01-28,3366.41,-87.99,-2.5472,down
2019-01-29,3428.83,62.42,1.8542,up
2019-01-30,3476.57,47.74,1.3923,up
2019-01-31,3420.03,-56.54,-1.6263,down
2019-02-01,3453.55,33.52,0.9801,up
2019-02-02,3462.54,8.99,0.2603,up
2019-02-03,3463.02,0.48,0.0139,up
2019-02-04,3464.42,1.40,0.0404,up
2019-02-05,3424.77,-39.65,-1.1445,down
2019-02-06,3412.15,-12.62,-0.3685,down
2019-02-07,3394.78,-17.37,-0.5091,down
2019-02-08,3660.86,266.08,7.8379,up
2019-02-09,3632.12,-28.74,-0.7851,down
2019-02-10,3635.64,3.52,0.0969,up
2019-02-11,3625.49,-10.15,-0.2792,down
2019-02-12,3634.00,8.51,0.2347,up
2019-02-13,3605.11,-28.89,-0.7950,down
2019-02-14,3615.00,9.89,0.2743,up
2019-02-15,3617.09,2.09,0.0578,up
2019-02-16,3641.25,24.16,0.6679,up
2019-02-17,3731.69,90.44,2.4838,up
2019-02-18,3916.01,184.32,4.9393,up
2019-02-19,3913.41,-2.60,-0.0664,down
2019-02-20,3964.69,51.28,1.3104,up
2019-02-21,3940.00,-24.69,-0.6227,down
2019-02-22,3949.73,9.73,0.2470,up
2019-02-23,4167.14,217.41,5.5044,up
2019-02-24,3780.52,-386.62,-9.2778,down
2019-02-25,3807.63,27.11,0.7171,up
2019-02-26,3825.59,17.96,0.4717,up
2019-02-27,3822.06,-3.53,-0.0923,down
2019-02-28,3839.02,16.96,0.4437,up
2019-03-01,3802.46,-36.56,-0.9523,down
2019-03-02,3825.14,22.68,0.5965,up
2019-03-03,3727.00,-98.14,-2.5657,down
2019-03-04,3729.20,2.20,0.0590,up
2019-03-05,3851.92,122.72,3.2908,up
2019-03-06,3880.00,28.08,0.7290,up
2019-03-07,3898.65,18.65,0.4807,up
2019-03-08,3915.69,17.04,0.4371,up
2019-03-09,3902.00,-13.69,-0.3496,down
2019-03-10,3932.73,30.73,0.7875,up
2019-03-11,3834.69,-98.04,-2.4929,down
2019-03-12,3887.89,53.20,1.3873,up
2019-03-13,3866.26,-21.63,-0.5563,down
2019-03-14,3882.90,16.64,0.4304,up
2019-03-15,3982.97,100.07,2.5772,up
2019-03-16,3972.23,-10.74,-0.2696,down
2019-03-17,4008.15,35.92,0.9043,up
2019-03-18,3987.45,-20.70,-0.5164,down
2019-03-19,3994.97,7.52,0.1886,up
2019-03-20,4041.06,46.09,1.1537,up
2019-03-21,3986.51,-54.55,-1.3499,down
2019-03-22,4004.34,17.83,0.4473,up
2019-03-23,3988.00,-16.34,-0.4081,down
2019-03-24,3996.63,8.63,0.2164,up
2019-03-25,3937.26,-59.37,-1.4855,down
2019-03-26,3991.59,54.33,1.3799,up
2019-03-27,4014.83,23.24,0.5822,up
2019-03-28,4041.46,26.63,0.6633,up
2019-03-29,4093.46,52.00,1.2867,up
2019-03-30,4096.41,2.95,0.0721,up
2019-03-31,4129.90,33.49,0.8175,up
2019-04-01,4179.40,49.50,1.1986,up
2019-04-02,5000.56,821.16,19.6478,up
2019-04-03,4936.72,-63.84,-1.2767,down
2019-04-04,4892.05,-44.67,-0.9049,down
2019-04-05,4992.55,100.50,2.0544,up
2019-04-06,5120.00,127.45,2.5528,up
2019-04-07,5198.97,78.97,1.5424,up
2019-04-08,5158.64,-40.33,-0.7757,down
2019-04-09,5173.54,14.90,0.2888,up
2019-04-10,5143.49,-30.05,-0.5808,down
2019-04-11,4984.88,-158.61,-3.0837,down
2019-04-12,5079.66,94.78,1.9013,up
2019-04-13,5032.80,-46.86,-0.9225,down
2019-04-14,5136.88,104.08,2.0680,up
2019-04-15,5044.49,-92.39,-1.7986,down
2019-04-16,5200.55,156.06,3.0937,up
2019-04-17,5248.12,47.57,0.9147,up
2019-04-18,5213.04,-35.08,-0.6684,down
2019-04-19,5276.97,63.93,1.2263,up
2019-04-20,5302.87,25.90,0.4908,up
2019-04-21,5217.20,-85.67,-1.6155,down
2019-04-22,5414.50,197.30,3.7817,up
2019-04-23,5531.32,116.82,2.1575,up
2019-04-24,5413.88,-117.44,-2.1232,down
2019-04-25,5344.39,-69.49,-1.2836,down
2019-04-26,5288.27,-56.12,-1.0501,down
2019-04-27,5305.91,17.64,0.3336,up
2019-04-28,5318.75,12.84,0.2420,up
2019-04-29,5217.99,-100.76,-1.8944,down
2019-04-30,5348.95,130.96,2.5098,up
2019-05-01,5387.54,38.59,0.7215,up
2019-05-02,5579.46,191.92,3.5623,up
2019-05-03,5844.18,264.72,4.7445,up
2019-05-04,5813.21,-30.97,-0.5299,down
2019-05-05,5695.31,-117.90,-2.0281,down
2019-05-06,5957.00,261.69,4.5948,up
2019-05-07,5879.44,-77.56,-1.3020,down
2019-05-08,6075.14,195.70,3.3285,up
2019-05-09,6337.99,262.85,4.3266,up
2019-05-10,6578.71,240.72,3.7980,up
2019-05-11,7159.56,580.85,8.8292,up
2019-05-12,7024.14,-135.42,-1.8915,down
2019-05-13,7928.51,904.37,12.8752,up
2019-05-14,7946.71,18.20,0.2296,up
2019-05-15,8233.98,287.27,3.6150,up
2019-05-16,7344.03,-889.95,-10.8083,down
2019-05-17,7361.30,17.27,0.2352,up
2019-05-18,7903.22,541.92,7.3617,up
2019-05-19,8030.04,126.82,1.6047,up
2019-05-20,7889.07,-140.97,-1.7555,down
2019-05-21,7895.17,6.10,0.0773,up
2019-05-22,7660.98,-234.19,-2.9662,down
2019-05-23,7847.08,186.10,2.4292,up
2019-05-24,7975.29,128.21,1.6339,up
2019-05-25,7965.00,-10.29,-0.1290,down
2019-05-26,8664.56,699.56,8.7829,up
2019-05-27,8763.31,98.75,1.1397,up
2019-05-28,8646.01,-117.30,-1.3385,down
2019-05-29,8672.47,26.46,0.3060,up
2019-05-30,8263.84,-408.63,-4.7118,down
2019-05-31,8552.75,288.91,3.4961,up
2019-06-01,8544.10,-8.65,-0.1011,down
2019-06-02,8660.47,116.37,1.3620,up
2019-06-03,7895.93,-764.54,-8.8279,down
2019-06-04,7796.61,-99.32,-1.2579,down
2019-06-05,7851.95,55.34,0.7098,up
2019-06-06,7786.70,-65.25,-0.8310,down
2019-06-07,7927.52,140.82,1.8085,up
2019-06-08,7873.31,-54.21,-0.6838,down
2019-06-09,7654.46,-218.85,-2.7796,down
2019-06-10,7932.34,277.88,3.6303,up
2019-06-11,7959.76,27.42,0.3457,up
2019-06-12,8082.01,122.25,1.5359,up
2019-06-13,8197.81,115.80,1.4328,up
2019-06-14,8595.21,397.40,4.8476,up
2019-06-15,8971.83,376.62,4.3817,up
2019-06-16,9134.40,162.57,1.8120,up
2019-06-17,9238.33,103.93,1.1378,up
2019-06-18,9139.53,-98.80,-1.0695,down
2019-06-19,9331.60,192.07,2.1015,up
2019-06-20,9750.00,418.40,4.4837,up
2019-06-21,10579.96,829.96,8.5124,up
2019-06-22,10797.89,217.93,2.0598,up
2019-06-23,10720.64,-77.25,-0.7154,down
2019-06-24,11172.19,451.55,4.2120,up
2019-06-25,12269.41,1097.22,9.8210,up
2019-06-26,12982.04,712.63,5.8082,up
2019-06-27,11370.00,-1612.04,-12.4175,down
2019-06-28,11616.29,246.29,2.1661,up
2019-06-29,12133.80,517.51,4.4550,up
2019-06-30,11142.98,-990.82,-8.1658,down
2019-07-01,10339.07,-803.91,-7.2145,down
2019-07-02,11289.48,950.41,9.1924,up
2019-07-03,11850.00,560.52,4.9650,up
2019-07-04,11154.56,-695.44,-5.8687,down
2019-07-05,11444.45,289.89,2.5988,up
2019-07-06,11149.05,-295.40,-2.5812,down
2019-07-07,11346.34,197.29,1.7696,up
2019-07-08,12655.53,1309.19,11.5384,up
2019-07-09,12968.57,313.04,2.4735,up
2019-07-10,11702.04,-1266.53,-9.7662,down
2019-07-11,11186.81,-515.23,-4.4029,down
2019-07-12,11586.71,399.90,3.5747,up
2019-07-13,11281.73,-304.98,-2.6322,down
2019-07-14,10244.81,-1036.92,-9.1911,down
2019-07-15,10694.64,449.83,4.3908,up
2019-07-16,9399.45,-1295.19,-12.1106,down
2019-07-17,9708.19,308.74,3.2847,up
2019-07-18,10577.81,869.62,8.9576,up
2019-07-19,10507.49,-70.32,-0.6648,down
2019-07-20,10575.15,67.66,0.6439,up
2019-07-21,10614.74,39.59,0.3744,up
2019-07-22,10255.54,-359.20,-3.3840,down
2019-07-23,9650.84,-604.70,-5.8963,down
2019-07-24,10090.19,439.35,4.5525,up
2019-07-25,9697.00,-393.19,-3.8968,down
2019-07-26,10103.00,406.00,4.1869,up
2019-07-27,9480.56,-622.44,-6.1609,down
2019-07-28,9638.46,157.90,1.6655,up
2019-07-29,9441.29,-197.17,-2.0457,down
2019-07-30,9668.96,227.67,2.4114,up
2019-07-31,9988.02,319.06,3.2998,up
2019-08-01,10335.77,347.75,3.4817,up
2019-08-02,10778.52,442.75,4.2837,up
2019-08-03,10755.02,-23.50,-0.2180,down
2019-08-04,11562.97,807.95,7.5123,up
2019-08-05,11709.82,146.85,1.2700,up
2019-08-06,11640.43,-69.39,-0.5926,down
2019-08-07,11955.96,315.53,2.7106,up
2019-08-08,11871.07,-84.89,-0.7100,down
2019-08-09,11839.03,-32.04,-0.2699,down
2019-08-10,11399.10,-439.93,-3.7159,down
2019-08-11,11446.44,47.34,0.4153,up
2019-08-12,11394.06,-52.38,-0.4576,down
2019-08-13,10656.83,-737.23,-6.4703,down
2019-08-14,10095.05,-561.78,-5.2715,down
2019-08-15,10324.61,229.56,2.2740,up
2019-08-16,10284.87,-39.74,-0.3849,down
2019-08-17,10113.99,-170.88,-1.6615,down
2019-08-18,10398.23,284.24,2.8104,up
2019-08-19,10788.84,390.61,3.7565,up
2019-08-20,10323.18,-465.66,-4.3161,down
2019-08-21,9872.48,-450.70,-4.3659,down
2019-08-22,10134.81,262.33,2.6572,up
2019-08-23,10346.80,211.99,2.0917,up
2019-08-24,10120.47,-226.33,-2.1874,down
2019-08-25,10276.80,156.33,1.5447,up
2019-08-26,10200.00,-76.80,-0.7473,down
2019-08-27,10095.57,-104.43,-1.0238,down
2019-08-28,9589.98,-505.59,-5.0080,down
2019-08-29,9468.47,-121.51,-1.2671,down
2019-08-30,9611.26,142.79,1.5081,up
2019-08-31,9623.02,11.76,0.1224,up
2019-09-01,9743.16,120.14,1.2485,up
2019-09-02,10385.00,641.84,6.5876,up
2019-09-03,10604.74,219.74,2.1159,up
2019-09-04,10550.37,-54.37,-0.5127,down
2019-09-05,10639.64,89.27,0.8461,up
2019-09-06,10333.84,-305.80,-2.8742,down
2019-09-07,10541.40,207.56,2.0085,up
2019-09-08,10298.96,-242.44,-2.2999,down
2019-09-09,10309.98,11.02,0.1070,up
2019-09-10,10093.04,-216.94,-2.1042,down
2019-09-11,10114.07,21.03,0.2084,up
2019-09-12,10364.02,249.95,2.4713,up
2019-09-13,10281.22,-82.80,-0.7989,down
2019-09-14,10303.36,22.14,0.2153,up
2019-09-15,10301.76,-1.60,-0.0155,down
2019-09-16,10225.30,-76.46,-0.7422,down
2019-09-17,10206.44,-18.86,-0.1844,down
2019-09-18,9823.81,-382.63,-3.7489,down
2019-09-19,10213.72,389.91,3.9690,up
2019-09-20,10125.64,-88.08,-0.8624,down
2019-09-21,9873.17,-252.47,-2.4934,down
2019-09-22,9980.27,107.10,1.0848,up
2019-09-23,9719.98,-260.29,-2.6080,down
2019-09-24,8565.61,-1154.37,-11.8763,down
2019-09-25,8361.42,-204.19,-2.3838,down
2019-09-26,8022.87,-338.55,-4.0490,down
2019-09-27,8163.49,140.62,1.7527,up
2019-09-28,8132.03,-31.46,-0.3854,down
2019-09-29,7972.13,-159.90,-1.9663,down
2019-09-30,8396.93,424.80,5.3286,up
2019-10-01,8244.94,-151.99,-1.8101,down
2019-10-02,8327.52,82.58,1.0016,up
2019-10-03,8104.53,-222.99,-2.6777,down
2019-10-04,8137.83,33.30,0.4109,up
2019-10-05,8042.99,-94.84,-1.1654,down
2019-10-06,7864.91,-178.08,-2.2141,down
2019-10-07,8258.79,393.88,5.0081,up
2019-10-08,8119.76,-139.03,-1.6834,down
2019-10-09,8543.51,423.75,5.2188,up
2019-10-10,8553.35,9.84,0.1152,up
2019-10-11,8308.30,-245.05,-2.8650,down
2019-10-12,8340.07,31.77,0.3824,up
2019-10-13,8289.03,-51.04,-0.6120,down
2019-10-14,8315.19,26.16,0.3156,up
2019-10-15,8167.51,-147.68,-1.7760,down
2019-10-16,7968.88,-198.63,-2.4320,down
2019-10-17,8064.81,95.93,1.2038,up
2019-10-18,7938.23,-126.58,-1.5695,down
2019-10-19,7901.68,-36.55,-0.4604,down
2019-10-20,8219.65,317.97,4.0241,up
2019-10-21,8201.54,-18.11,-0.2203,down
2019-10-22,7954.34,-247.20,-3.0141,down
2019-10-23,7410.88,-543.46,-6.8322,down
2019-10-24,7440.00,29.12,0.3929,up
2019-10-25,9554.05,2114.05,28.4147,up
2019-10-26,9131.61,-422.44,-4.4216,down
2019-10-27,9615.45,483.84,5.2985,up
2019-10-28,9285.00,-330.45,-3.4367,down
2019-10-29,9276.93,-8.07,-0.0869,down
2019-10-30,9100.02,-176.91,-1.9070,down
2019-10-31,9063.13,-36.89,-0.4054,down
2019-11-01,9236.67,173.54,1.9148,up
2019-11-02,9330.32,93.65,1.0139,up
2019-11-03,9179.42,-150.90,-1.6173,down
2019-11-04,9225.00,45.58,0.4965,up
2019-11-05,9389.65,164.65,1.7848,up
2019-11-06,9258.95,-130.70,-1.3920,down
2019-11-07,9144.40,-114.55,-1.2372,down
2019-11-08,8823.73,-320.67,-3.5067,down
2019-11-09,8848.11,24.38,0.2763,up
2019-11-10,8814.44,-33.67,-0.3805,down
2019-11-11,8772.37,-42.07,-0.4773,down
2019-11-12,8744.26,-28.11,-0.3204,down
2019-11-13,8668.36,-75.90,-0.8680,down
2019-11-14,8574.77,-93.59,-1.0797,down
2019-11-15,8474.82,-99.95,-1.1656,down
2019-11-16,8425.81,-49.01,-0.5783,down
2019-11-17,8452.03,26.22,0.3112,up
2019-11-18,8128.06,-323.97,-3.8330,down
2019-11-19,8121.47,-6.59,-0.0811,down
2019-11-20,8088.58,-32.89,-0.4050,down
2019-11-21,7556.41,-532.17,-6.5793,down
2019-11-22,7171.30,-385.11,-5.0965,down
2019-11-23,7180.14,8.84,0.1233,up
2019-11-24,6672.01,-508.13,-7.0769,down
2019-11-25,7176.35,504.34,7.5590,up
2019-11-26,7069.40,-106.95,-1.4903,down
2019-11-27,7494.57,425.17,6.0142,up
2019-11-28,7509.14,14.57,0.1944,up
2019-11-29,7748.92,239.78,3.1932,up
2019-11-30,7277.44,-471.48,-6.0845,down
2019-12-01,7252.96,-24.48,-0.3364,down
2019-12-02,7293.83,40.87,0.5635,up
2019-12-03,7130.60,-163.23,-2.2379,down
2019-12-04,7306.73,176.13,2.4701,up
2019-12-05,7367.54,60.81,0.8322,up
2019-12-06,7521.48,153.94,2.0894,up
2019-12-07,7434.63,-86.85,-1.1547,down
2019-12-08,7470.67,36.04,0.4848,up
2019-12-09,7351.61,-119.06,-1.5937,down
2019-12-10,7220.12,-131.49,-1.7886,down
2019-12-11,7151.05,-69.07,-0.9566,down
2019-12-12,7236.30,85.25,1.1921,up
2019-12-13,7252.08,15.78,0.2181,up
2019-12-14,7142.00,-110.08,-1.5179,down
2019-12-15,7067.74,-74.26,-1.0398,down
2019-12-16,6877.47,-190.27,-2.6921,down
2019-12-17,6619.51,-257.96,-3.7508,down
2019-12-18,7092.54,473.03,7.1460,up
2019-12-19,7145.07,52.53,0.7406,up
2019-12-20,7132.95,-12.12,-0.1696,down
2019-12-21,7181.85,48.90,0.6856,up
2019-12-22,7494.21,312.36,4.3493,up
2019-12-23,7264.92,-229.29,-3.0596,down
2019-12-24,7252.19,-12.73,-0.1752,down
2019-12-25,7209.20,-42.99,-0.5928,down
2019-12-26,7188.63,-20.57,-0.2853,down
2019-12-27,7302.99,114.36,1.5908,up
2019-12-28,7315.00,12.01,0.1645,up
2019-12-29,7385.29,70.29,0.9609,up
2019-12-30,7250.37,-134.92,-1.8269,down
2019-12-31,7209.83,-40.54,-0.5591,down
2020-01-01,7110.57,-99.26,-1.3767,down
2020-01-02,7203.21,92.64,1.3028,up
2020-01-03,7348.11,144.90,2.0116,up
2020-01-04,7463.63,115.52,1.5721,up
2020-01-05,7507.91,44.28,0.5933,up
2020-01-06,7883.37,375.46,5.0009,up
2020-01-07,8297.26,413.89,5.2502,up
2020-01-08,7949.84,-347.42,-4.1872,down
2020-01-09,7752.98,-196.86,-2.4763,down
2020-01-10,8074.18,321.20,4.1429,up
2020-01-11,8097.51,23.33,0.2889,up
2020-01-12,8075.26,-22.25,-0.2748,down
2020-01-13,8509.99,434.73,5.3835,up
2020-01-14,8627.13,117.14,1.3765,up
2020-01-15,8680.00,52.87,0.6128,up
2020-01-16,8933.95,253.95,2.9257,up
2020-01-17,8843.63,-90.32,-1.0110,down
2020-01-18,9084.36,240.73,2.7221,up
2020-01-19,8665.14,-419.22,-4.6147,down
2020-01-20,8634.70,-30.44,-0.3513,down
2020-01-21,8740.27,105.57,1.2226,up
2020-01-22,8581.75,-158.52,-1.8137,down
2020-01-23,8340.00,-241.75,-2.8170,down
2020-01-24,8316.20,-23.80,-0.2854,down
2020-01-25,8385.17,68.97,0.8293,up
2020-01-26,8658.01,272.84,3.2538,up
2020-01-27,9039.92,381.91,4.4111,up
2020-01-28,9365.00,325.08,3.5960,up
2020-01-29,9391.02,26.02,0.2778,up
2020-01-30,9374.56,-16.46,-0.1753,down
2020-01-31,9423.01,48.45,0.5168,up
2020-02-01,9370.53,-52.48,-0.5569,down
2020-02-02,9368.16,-2.37,-0.0253,down
2020-02-03,9278.63,-89.53,-0.9557,down
2020-02-04,9274.53,-4.10,-0.0442,down
2020-02-05,9628.80,354.27,3.8198,up
2020-02-06,9801.83,173.03,1.7970,up
2020-02-07,9771.39,-30.44,-0.3106,down
2020-02-08,10127.87,356.48,3.6482,up
2020-02-09,9968.99,-158.88,-1.5687,down
2020-02-10,9739.94,-229.05,-2.2976,down
2020-02-11,10366.00,626.06,6.4278,up
2020-02-12,10338.96,-27.04,-0.2609,down
2020-02-13,10124.98,-213.98,-2.0696,down
2020-02-14,10221.76,96.78,0.9559,up
2020-02-15,9959.51,-262.25,-2.5656,down
2020-02-16,9753.26,-206.25,-2.0709,down
2020-02-17,9790.58,37.32,0.3826,up
2020-02-18,10059.30,268.72,2.7447,up
2020-02-19,9607.23,-452.07,-4.4941,down
2020-02-20,9673.43,66.20,0.6891,up
2020-02-21,9590.90,-82.53,-0.8532,down
2020-02-22,9880.70,289.80,3.0216,up
2020-02-23,9752.83,-127.87,-1.2941,down
2020-02-24,9520.16,-232.67,-2.3857,down
2020-02-25,9148.08,-372.08,-3.9083,down
2020-02-26,8814.05,-334.03,-3.6514,down
2020-02-27,8728.74,-85.31,-0.9679,down
2020-02-28,8745.81,17.07,0.1956,up
2020-02-29,8541.16,-204.65,-2.3400,down
2020-03-01,8625.39,84.23,0.9862,up
2020-03-02,8756.08,130.69,1.5152,up
2020-03-03,8816.27,60.19,0.6874,up
2020-03-04,8895.05,78.78,0.8936,up
2020-03-05,9100.91,205.86,2.3143,up
2020-03-06,9085.23,-15.68,-0.1723,down
2020-03-07,8740.29,-344.94,-3.7967,down
2020-03-08,8063.52,-676.77,-7.7431,down
2020-03-09,7907.16,-156.36,-1.9391,down
2020-03-10,7924.78,17.62,0.2228,up
2020-03-11,7662.73,-262.05,-3.3067,down
2020-03-12,5167.26,-2495.47,-32.5663,down
2020-03-13,5573.97,406.71,7.8709,up
2020-03-14,5178.64,-395.33,-7.0924,down
2020-03-15,5273.34,94.70,1.8287,up
2020-03-16,5311.16,37.82,0.7172,up
2020-03-17,5394.15,82.99,1.5626,up
2020-03-18,5286.84,-107.31,-1.9894,down
2020-03-19,6156.35,869.51,16.4467,up
2020-03-20,6267.45,111.10,1.8046,up
2020-03-21,6351.93,84.48,1.3479,up
2020-03-22,5955.36,-396.57,-6.2433,down
2020-03-23,6522.52,567.16,9.5235,up
2020-03-24,6557.75,35.23,0.5401,up
2020-03-25,6725.65,167.90,2.5603,up
2020-03-26,6793.00,67.35,1.0014,up
2020-03-27,6116.92,-676.08,-9.9526,down
2020-03-28,6202.95,86.03,1.4064,up
2020-03-29,6009.09,-193.86,-3.1253,down
2020-03-30,6439.47,430.38,7.1621,up
2020-03-31,6368.68,-70.79,-1.0993,down
2020-04-01,6606.05,237.37,3.7271,up
2020-04-02,6782.44,176.39,2.6701,up
2020-04-03,6696.19,-86.25,-1.2717,down
2020-04-04,6797.03,100.84,1.5059,up
2020-04-05,6843.82,46.79,0.6884,up
2020-04-06,7322.07,478.25,6.9881,up
2020-04-07,7353.41,31.34,0.4280,up
2020-04-08,7286.34,-67.07,-0.9121,down
2020-04-09,7175.78,-110.56,-1.5174,down
2020-04-10,6907.82,-267.96,-3.7342,down
2020-04-11,6806.49,-101.33,-1.4669,down
2020-04-12,6675.52,-130.97,-1.9242,down
2020-04-13,6885.07,209.55,3.1391,up
2020-04-14,6906.56,21.49,0.3121,up
2020-04-15,6651.87,-254.69,-3.6877,down
2020-04-16,7086.18,434.31,6.5291,up
2020-04-17,7086.80,0.62,0.0087,up
2020-04-18,7229.96,143.16,2.0201,up
2020-04-19,7161.03,-68.93,-0.9534,down
2020-04-20,6857.92,-303.11,-4.2328,down
2020-04-21,6862.24,4.32,0.0630,up
2020-04-22,7113.27,251.03,3.6581,up
2020-04-23,7523.00,409.73,5.7601,up
2020-04-24,7480.78,-42.22,-0.5612,down
2020-04-25,7565.71,84.93,1.1353,up
2020-04-26,7733.00,167.29,2.2112,up
2020-04-27,7701.29,-31.71,-0.4101,down
2020-04-28,7815.30,114.01,1.4804,up
2020-04-29,9288.98,1473.68,18.8563,up
2020-04-30,8675.35,-613.63,-6.6060,down
2020-05-01,8834.08,158.73,1.8297,up
2020-05-02,9132.95,298.87,3.3831,up
2020-05-03,8730.84,-402.11,-4.4028,down
2020-05-04,8850.00,119.16,1.3648,up
2020-05-05,8979.73,129.73,1.4659,up
2020-05-06,9290.39,310.66,3.4596,up
2020-05-07,9930.69,640.30,6.8921,up
2020-05-08,9863.02,-67.67,-0.6814,down
2020-05-09,8622.78,-1240.24,-12.5746,down
2020-05-10,8696.64,73.86,0.8566,up
2020-05-11,8716.07,19.43,0.2234,up
2020-05-12,8912.19,196.12,2.2501,up
2020-05-13,9352.38,440.19,4.9392,up
2020-05-14,9472.97,120.59,1.2894,up
2020-05-15,9405.68,-67.29,-0.7103,down
2020-05-16,9545.58,139.90,1.4874,up
2020-05-17,9860.51,314.93,3.2992,up
2020-05-18,9530.00,-330.51,-3.3519,down
2020-05-19,9724.40,194.40,2.0399,up
2020-05-20,9483.37,-241.03,-2.4786,down
2020-05-21,8995.55,-487.82,-5.1440,down
2020-05-22,9286.61,291.06,3.2356,up
2020-05-23,9192.76,-93.85,-1.0106,down
2020-05-24,8786.57,-406.19,-4.4186,down
2020-05-25,8903.76,117.19,1.3337,up
2020-05-26,8828.90,-74.86,-0.8408,down
2020-05-27,9172.91,344.01,3.8964,up
2020-05-28,9521.26,348.35,3.7976,up
2020-05-29,9396.18,-125.08,-1.3137,down
2020-05-30,9576.79,180.61,1.9222,up
2020-05-31,9555.79,-21.00,-0.2193,down
2020-06-01,10096.86,541.07,5.6622,up
2020-06-02,9491.99,-604.87,-5.9907,down
2020-06-03,9665.37,173.38,1.8266,up
2020-06-04,9796.59,131.22,1.3576,up
2020-06-05,9636.18,-160.41,-1.6374,down
2020-06-06,9685.69,49.51,0.5138,up
2020-06-07,9725.83,40.14,0.4144,up
2020-06-08,9679.22,-46.61,-0.4792,down
2020-06-09,9754.50,75.28,0.7777,up
2020-06-10,9889.17,134.67,1.3806,up
2020-06-11,9363.44,-525.73,-5.3162,down
2020-06-12,9408.54,45.10,0.4817,up
2020-06-13,9434.81,26.27,0.2792,up
2020-06-14,9163.99,-270.82,-2.8704,down
2020-06-15,9562.51,398.52,4.3488,up
2020-06-16,9460.37,-102.14,-1.0681,down
2020-06-17,9431.28,-29.09,-0.3075,down
2020-06-18,9274.26,-157.02,-1.6649,down
2020-06-19,9330.65,56.39,0.6080,up
2020-06-20,9371.78,41.13,0.4408,up
2020-06-21,9385.69,13.91,0.1484,up
2020-06-22,9658.22,272.53,2.9037,up
2020-06-23,9651.16,-7.06,-0.0731,down
2020-06-24,9100.36,-550.80,-5.7071,down
2020-06-25,9246.83,146.47,1.6095,up
2020-06-26,9160.25,-86.58,-0.9363,down
2020-06-27,8971.80,-188.45,-2.0573,down
2020-06-28,9097.01,125.21,1.3956,up
2020-06-29,9161.65,64.64,0.7106,up
2020-06-30,9138.59,-23.06,-0.2517,down
2020-07-01,9237.88,99.29,1.0865,up
2020-07-02,9092.84,-145.04,-1.5701,down
2020-07-03,9085.02,-7.82,-0.0860,down
2020-07-04,9129.80,44.78,0.4929,up
2020-07-05,9087.91,-41.89,-0.4588,down
2020-07-06,9295.58,207.67,2.2851,up
2020-07-07,9311.23,15.65,0.1684,up
2020-07-08,9385.02,73.79,0.7925,up
2020-07-09,9222.70,-162.32,-1.7296,down
2020-07-10,9268.20,45.50,0.4933,up
2020-07-11,9272.47,4.27,0.0461,up
2020-07-12,9271.99,-0.48,-0.0052,down
2020-07-13,9217.11,-54.88,-0.5919,down
2020-07-14,9234.85,17.74,0.1925,up
2020-07-15,9203.59,-31.26,-0.3385,down
2020-07-16,9119.81,-83.78,-0.9103,down
2020-07-17,9135.02,15.21,0.1668,up
2020-07-18,9153.41,18.39,0.2013,up
2020-07-19,9191.99,38.58,0.4215,up
2020-07-20,9180.83,-11.16,-0.1214,down
2020-07-21,9359.06,178.23,1.9413,up
2020-07-22,9491.99,132.93,1.4203,up
2020-07-23,9561.55,69.56,0.7328,up
2020-07-24,9581.58,20.03,0.2095,up
2020-07-25,9677.69,96.11,1.0031,up
2020-07-26,10248.84,571.15,5.9017,up
2020-07-27,10971.42,722.58,7.0504,up
2020-07-28,10978.27,6.85,0.0624,up
2020-07-29,10983.56,5.29,0.0482,up
2020-07-30,10977.08,-6.48,-0.0590,down
2020-07-31,11366.16,389.08,3.5445,up
2020-08-01,12000.00,633.84,5.5766,up
2020-08-02,11136.47,-863.53,-7.1961,down
2020-08-03,11261.43,124.96,1.1221,up
2020-08-04,11240.56,-20.87,-0.1853,down
2020-08-05,11646.04,405.48,3.6073,up
2020-08-06,11825.00,178.96,1.5367,up
2020-08-07,11544.34,-280.66,-2.3734,down
2020-08-08,11730.52,186.18,1.6127,up
2020-08-09,12009.40,278.88,2.3774,up
2020-08-10,11833.81,-175.59,-1.4621,down
2020-08-11,11380.89,-452.92,-3.8273,down
2020-08-12,11567.21,186.32,1.6371,up
2020-08-13,11723.23,156.02,1.3488,up
2020-08-14,11888.67,165.44,1.4112,up
2020-08-15,11928.99,40.32,0.3391,up
2020-08-16,11844.71,-84.28,-0.7065,down
2020-08-17,12299.43,454.72,3.8390,up
2020-08-18,11837.11,-462.32,-3.7589,down
2020-08-19,11699.79,-137.32,-1.1601,down
2020-08-20,11866.58,166.79,1.4256,up
2020-08-21,11474.02,-392.56,-3.3081,down
2020-08-22,11599.18,125.16,1.0908,up
2020-08-23,11684.40,85.22,0.7347,up
2020-08-24,11669.58,-14.82,-0.1268,down
2020-08-25,11365.23,-304.35,-2.6081,down
2020-08-26,11384.60,19.37,0.1704,up
2020-08-27,11380.08,-4.52,-0.0397,down
2020-08-28,11501.61,121.53,1.0679,up
2020-08-29,11612.72,111.11,0.9660,up
2020-08-30,11679.09,66.37,0.5715,up
2020-08-31,11691.49,12.40,0.1062,up
2020-09-01,11835.01,143.52,1.2276,up
2020-09-02,11350.56,-484.45,-4.0934,down
2020-09-03,10265.42,-1085.14,-9.5602,down
2020-09-04,10408.46,143.04,1.3934,up
2020-09-05,10163.72,-244.74,-2.3514,down
2020-09-06,10204.10,40.38,0.3973,up
2020-09-07,10302.81,98.71,0.9674,up
2020-09-08,10026.68,-276.13,-2.6801,down
2020-09-09,10371.23,344.55,3.4363,up
2020-09-10,10220.76,-150.47,-1.4508,down
2020-09-11,10342.33,121.57,1.1894,up
2020-09-12,10556.26,213.93,2.0685,up
2020-09-13,10348.14,-208.12,-1.9715,down
2020-09-14,10755.13,406.99,3.9330,up
2020-09-15,10779.41,24.28,0.2258,up
2020-09-16,10872.09,92.68,0.8598,up
2020-09-17,10924.36,52.27,0.4808,up
2020-09-18,10976.00,51.64,0.4727,up
2020-09-19,10948.81,-27.19,-0.2477,down
2020-09-20,10962.76,13.95,0.1274,up
2020-09-21,10449.95,-512.81,-4.6777,down
2020-09-22,10476.01,26.06,0.2494,up
2020-09-23,10301.75,-174.26,-1.6634,down
2020-09-24,10667.47,365.72,3.5501,up
2020-09-25,10704.86,37.39,0.3505,up
2020-09-26,10781.20,76.34,0.7131,up
2020-09-27,10885.14,103.94,0.9641,up
2020-09-28,10689.94,-195.20,-1.7933,down
2020-09-29,10742.08,52.14,0.4877,up
2020-09-30,10798.18,56.10,0.5222,up
2020-10-01,10649.06,-149.12,-1.3810,down
2020-10-02,10552.24,-96.82,-0.9092,down
2020-10-03,10545.49,-6.75,-0.0640,down
2020-10-04,10665.88,120.39,1.1416,up
2020-10-05,10765.29,99.41,0.9320,up
2020-10-06,10575.51,-189.78,-1.7629,down
2020-10-07,10639.80,64.29,0.6079,up
2020-10-08,10887.19,247.39,2.3251,up
2020-10-09,11412.96,525.77,4.8293,up
2020-10-10,11332.00,-80.96,-0.7094,down
2020-10-11,11385.00,53.00,0.4677,up
2020-10-12,11458.24,73.24,0.6433,up
2020-10-13,11390.00,-68.24,-0.5956,down
2020-10-14,11378.96,-11.04,-0.0969,down
2020-10-15,11507.97,129.01,1.1338,up
2020-10-16,11363.01,-144.96,-1.2596,down
2020-10-17,11368.02,5.01,0.0441,up
2020-10-18,11416.71,48.69,0.4283,up
2020-10-19,11741.00,324.29,2.8405,up
2020-10-20,12182.31,441.31,3.7587,up
2020-10-21,12718.26,535.95,4.3994,up
2020-10-22,12960.01,241.75,1.9008,up
2020-10-23,12967.74,7.73,0.0596,up
2020-10-24,13295.50,327.76,2.5275,up
2020-10-25,13094.53,-200.97,-1.5116,down
2020-10-26,13083.24,-11.29,-0.0862,down
2020-10-27,13779.99,696.75,5.3255,up
2020-10-28,13280.99,-499.00,-3.6212,down
2020-10-29,13432.34,151.35,1.1396,up
2020-10-30,13491.54,59.20,0.4407,up
2020-10-31,13690.01,198.47,1.4711,up
2020-11-01,13740.99,50.98,0.3724,up
2020-11-02,13444.30,-296.69,-2.1592,down
2020-11-03,13600.46,156.16,1.1615,up
2020-11-04,14475.87,875.41,6.4366,up
2020-11-05,15733.30,1257.43,8.6864,up
2020-11-06,15444.41,-288.89,-1.8362,down
2020-11-07,14931.53,-512.88,-3.3208,down
2020-11-08,15303.26,371.73,2.4896,up
2020-11-09,15274.74,-28.52,-0.1864,down
2020-11-10,15400.51,125.77,0.8234,up
2020-11-11,15862.75,462.24,3.0015,up
2020-11-12,16253.30,390.55,2.4621,up
2020-11-13,16089.00,-164.30,-1.0109,down
2020-11-14,16030.90,-58.10,-0.3611,down
2020-11-15,16235.71,204.81,1.2776,up
2020-11-16,16750.00,514.29,3.1676,up
2020-11-17,18063.70,1313.70,7.8430,up
2020-11-18,17649.94,-413.76,-2.2906,down
2020-11-19,18212.00,562.06,3.1845,up
2020-11-20,18669.99,457.99,2.5148,up
2020-11-21,18498.31,-171.68,-0.9196,down
2020-11-22,18458.13,-40.18,-0.2172,down
2020-11-23,18369.36,-88.77,-0.4809,down
2020-11-24,18975.13,605.77,3.2977,up
2020-11-25,17619.90,-1355.23,-7.1421,down
2020-11-26,17094.18,-525.72,-2.9837,down
2020-11-27,17014.72,-79.46,-0.4648,down
2020-11-28,17817.34,802.62,4.7172,up
2020-11-29,18623.00,805.66,4.5218,up
2020-11-30,19515.63,892.63,4.7932,up
2020-12-01,19124.48,-391.15,-2.0043,down
2020-12-02,19208.11,83.63,0.4373,up
2020-12-03,19283.94,75.83,0.3948,up
2020-12-04,18911.31,-372.63,-1.9323,down
2020-12-05,19230.99,319.68,1.6904,up
2020-12-06,19371.30,140.31,0.7296,up
2020-12-07,19143.10,-228.20,-1.1780,down
2020-12-08,17924.07,-1219.03,-6.3680,down
2020-12-09,18335.91,411.84,2.2977,up
2020-12-10,17811.95,-523.96,-2.8576,down
2020-12-11,18380.85,568.90,3.1939,up
2020-12-12,19247.68,866.83,4.7159,up
2020-12-13,19155.80,-91.88,-0.4774,down
2020-12-14,19197.60,41.80,0.2182,up
2020-12-15,19423.96,226.36,1.1791,up
2020-12-16,22478.76,3054.80,15.7270,up
2020-12-17,23055.98,577.22,2.5678,up
2020-12-18,22853.75,-202.23,-0.8771,down
2020-12-19,23628.88,775.13,3.3917,up
2020-12-20,23980.00,351.12,1.4860,up
2020-12-21,22655.83,-1324.17,-5.5220,down
2020-12-22,23555.73,899.90,3.9720,up
2020-12-23,23173.38,-382.35,-1.6232,down
2020-12-24,23649.82,476.44,2.0560,up
2020-12-25,24784.48,1134.66,4.7978,up
2020-12-26,27639.38,2854.90,11.5189,up
2020-12-27,27001.31,-638.07,-2.3086,down
2020-12-28,26435.63,-565.68,-2.0950,down
2020-12-29,28386.62,1950.99,7.3802,up
2020-12-30,29155.25,768.63,2.7077,up
2020-12-31,29092.83,-62.42,-0.2141,down
2021-01-01,29750.00,657.17,2.2589,up
2021-01-02,34452.34,4702.34,15.8062,up
2021-01-03,32068.84,-2383.50,-6.9183,down
2021-01-04,30817.77,-1251.07,-3.9012,down
2021-01-05,34676.40,3858.63,12.5208,up
2021-01-06,36859.85,2183.45,6.2966,up
2021-01-07,38930.55,2070.70,5.6178,up
2021-01-08,39638.61,708.06,1.8188,up
2021-01-09,40978.57,1339.96,3.3804,up
2021-01-10,34375.34,-6603.23,-16.1139,down
2021-01-11,36413.60,2038.26,5.9294,up
2021-01-12,34986.90,-1426.70,-3.9180,down
2021-01-13,38198.34,3211.44,9.1790,up
2021-01-14,38473.08,274.74,0.7192,up
2021-01-15,36574.86,-1898.22,-4.9339,down
2021-01-16,34760.90,-1813.96,-4.9596,down
2021-01-17,36104.61,1343.71,3.8656,up
2021-01-18,37168.82,1064.21,2.9476,up
2021-01-19,35677.14,-1491.68,-4.0133,down
2021-01-20,34624.27,-1052.87,-2.9511,down
2021-01-21,30842.45,-3781.82,-10.9225,down
2021-01-22,32931.18,2088.73,6.7723,up
2021-01-23,32801.15,-130.03,-0.3949,down
2021-01-24,33346.95,545.80,1.6640,up
2021-01-25,31643.61,-1703.34,-5.1079,down
2021-01-26,31743.33,99.72,0.3151,up
2021-01-27,31170.53,-572.80,-1.8045,down
2021-01-28,32266.35,1095.82,3.5156,up
2021-01-29,34046.80,1780.45,5.5180,up
2021-01-30,33607.98,-438.82,-1.2889,down
2021-01-31,33803.97,195.99,0.5832,up
2021-02-01,34223.38,419.41,1.2407,up
2021-02-02,36297.57,2074.19,6.0607,up
2021-02-03,37843.40,1545.83,4.2588,up
2021-02-04,37653.98,-189.42,-0.5005,down
2021-02-05,39359.12,1705.14,4.5284,up
2021-02-06,39030.00,-329.12,-0.8362,down
2021-02-07,39269.95,239.95,0.6148,up
2021-02-08,47505.40,8235.45,20.9714,up
2021-02-09,46563.69,-941.71,-1.9823,down
2021-02-10,44700.01,-1863.68,-4.0024,down
2021-02-11,47318.81,2618.80,5.8586,up
2021-02-12,46995.72,-323.09,-0.6828,down
2021-02-13,48725.18,1729.46,3.6800,up
2021-02-14,47267.06,-1458.12,-2.9925,down
2021-02-15,49163.46,1896.40,4.0121,up
2021-02-16,51112.39,1948.93,3.9642,up
2021-02-17,51901.96,789.57,1.5448,up
2021-02-18,51727.08,-174.88,-0.3369,down
2021-02-19,55207.92,3480.84,6.7292,up
2021-02-20,56091.76,883.84,1.6009,up
2021-02-21,56422.92,331.16,0.5904,up
2021-02-22,49640.33,-6782.59,-12.0210,down
2021-02-23,50090.57,450.24,0.9070,up
2021-02-24,50395.99,305.42,0.6097,up
2021-02-25,44973.68,-5422.31,-10.7594,down
2021-02-26,47158.53,2184.85,4.8581,up
2021-02-27,44400.83,-2757.70,-5.8477,down
2021-02-28,46288.18,1887.35,4.2507,up
2021-03-01,48331.61,2043.43,4.4146,up
2021-03-02,49752.97,1421.36,2.9408,up
2021-03-03,49696.49,-56.48,-0.1135,down
2021-03-04,47380.00,-2316.49,-4.6613,down
2021-03-05,48820.12,1440.12,3.0395,up
2021-03-06,50052.68,1232.56,2.5247,up
2021-03-07,49755.24,-297.44,-0.5943,down
2021-03-08,53546.90,3791.66,7.6206,up
2021-03-09,54173.38,626.48,1.1700,up
2021-03-10,55034.20,860.82,1.5890,up
2021-03-11,56670.90,1636.70,2.9740,up
2021-03-12,57343.70,672.80,1.1872,up
2021-03-13,60494.80,3151.10,5.4951,up
2021-03-14,60379.99,-114.81,-0.1898,down
2021-03-15,54272.86,-6107.13,-10.1145,down
2021-03-16,55506.23,1233.37,2.2725,up
2021-03-17,58712.33,3206.10,5.7761,up
2021-03-18,57779.84,-932.49,-1.5882,down
2021-03-19,58367.74,587.90,1.0175,up
2021-03-20,57790.00,-577.74,-0.9898,down
2021-03-21,57563.63,-226.37,-0.3917,down
2021-03-22,54684.83,-2878.80,-5.0011,down
2021-03-23,54350.54,-334.29,-0.6113,down
2021-03-24,52122.86,-2227.68,-4.0987,down
2021-03-25,52407.19,284.33,0.5455,up
2021-03-26,54760.97,2353.78,4.4913,up
2021-03-27,56052.05,1291.08,2.3577,up
2021-03-28,55371.60,-680.45,-1.2140,down
2021-03-29,57181.33,1809.73,3.2683,up
2021-03-30,58608.63,1427.30,2.4961,up
2021-03-31,59119.02,510.39,0.8708,up
2021-04-01,59869.79,750.77,1.2699,up
2021-04-02,59221.53,-648.26,-1.0828,down
2021-04-03,57492.42,-1729.11,-2.9197,down
2021-04-04,57467.12,-25.30,-0.0440,down
2021-04-05,58608.70,1141.58,1.9865,up
2021-04-06,57922.75,-685.95,-1.1704,down
2021-04-07,56540.62,-1382.13,-2.3862,down
2021-04-08,57985.71,1445.09,2.5558,up
2021-04-09,59229.50,1243.79,2.1450,up
2021-04-10,60268.58,1039.08,1.7543,up
2021-04-11,60368.96,100.38,0.1666,up
2021-04-12,60493.43,124.47,0.2062,up
2021-04-13,63749.19,3255.76,5.3820,up
2021-04-14,63056.61,-692.58,-1.0864,down
2021-04-15,62937.91,-118.70,-0.1882,down
2021-04-16,62372.27,-565.64,-0.8987,down
2021-04-17,55014.46,-7357.81,-11.7966,down
2021-04-18,57030.90,2016.44,3.6653,up
2021-04-19,54764.12,-2266.78,-3.9747,down
2021-04-20,55204.60,440.48,0.8043,up
2021-04-21,53497.09,-1707.51,-3.0931,down
2021-04-22,50298.76,-3198.33,-5.9785,down
2021-04-23,50109.93,-188.83,-0.3754,down
2021-04-24,49615.54,-494.39,-0.9866,down
2021-04-25,52398.99,2783.45,5.6100,up
2021-04-26,53460.30,1061.31,2.0254,up
2021-04-27,54774.05,1313.75,2.4574,up
2021-04-28,54265.10,-508.95,-0.9292,down
2021-04-29,53679.03,-586.07,-1.0800,down
2021-04-30,58178.67,4499.64,8.3825,up
2021-05-01,56450.19,-1728.48,-2.9710,down
2021-05-02,57925.80,1475.61,2.6140,up
2021-05-03,55452.17,-2473.63,-4.2703,down
2021-05-04,54795.19,-656.98,-1.1848,down
2021-05-05,56797.09,2001.90,3.6534,up
2021-05-06,55705.67,-1091.42,-1.9216,down
2021-05-07,58099.98,2394.31,4.2981,up
2021-05-08,58632.78,532.80,0.9170,up
2021-05-09,59356.76,723.98,1.2348,up
2021-05-10,55142.46,-4214.30,-7.0999,down
2021-05-11,57756.94,2614.48,4.7413,up
2021-05-12,50461.99,-7294.95,-12.6304,down
2021-05-13,49157.93,-1304.06,-2.5842,down
2021-05-14,49627.01,469.08,0.9542,up
2021-05-15,48383.46,-1243.55,-2.5058,down
2021-05-16,42915.46,-5468.00,-11.3014,down
2021-05-17,44779.83,1864.37,4.3443,up
2021-05-18,40591.15,-4188.68,-9.3539,down
2021-05-19,38341.04,-2250.11,-5.5434,down
2021-05-20,40666.91,2325.87,6.0663,up
2021-05-21,36951.85,-3715.06,-9.1353,down
2021-05-22,37421.59,469.74,1.2712,up
2021-05-23,35251.37,-2170.22,-5.7994,down
2021-05-24,38304.51,3053.14,8.6611,up
2021-05-25,39503.98,1199.47,3.1314,up
2021-05-26,37621.56,-1882.42,-4.7651,down
2021-05-27,38237.18,615.62,1.6363,up
2021-05-28,36458.77,-1778.41,-4.6510,down
2021-05-29,34770.12,-1688.65,-4.6317,down
2021-05-30,34489.57,-280.55,-0.8069,down
2021-05-31,36704.99,2215.42,6.4234,up
2021-06-01,36472.39,-232.60,-0.6337,down
2021-06-02,37634.57,1162.18,3.1865,up
2021-06-03,37933.72,299.15,0.7949,up
2021-06-04,37410.00,-523.72,-1.3806,down
2021-06-05,35989.67,-1420.33,-3.7967,down
2021-06-06,36392.93,403.26,1.1205,up
2021-06-07,32817.09,-3575.84,-9.8256,down
2021-06-08,32863.07,45.98,0.1401,up
2021-06-09,36959.69,4096.62,12.4657,up
2021-06-10,36754.40,-205.29,-0.5554,down
2021-06-11,35571.19,-1183.21,-3.2192,down
2021-06-12,34867.80,-703.39,-1.9774,down
2021-06-13,38975.14,4107.34,11.7798,up
2021-06-14,40404.86,1429.72,3.6683,up
2021-06-15,40013.63,-391.23,-0.9683,down
2021-06-16,38865.05,-1148.58,-2.8705,down
2021-06-17,37926.79,-938.26,-2.4141,down
2021-06-18,35103.44,-2823.35,-7.4442,down
2021-06-19,35527.24,423.80,1.2073,up
2021-06-20,34649.63,-877.61,-2.4702,down
2021-06-21,33018.22,-1631.41,-4.7083,down
2021-06-22,33966.43,948.21,2.8718,up
2021-06-23,32589.20,-1377.23,-4.0547,down
2021-06-24,35052.07,2462.87,7.5573,up
2021-06-25,31977.59,-3074.48,-8.7712,down
2021-06-26,33146.91,1169.32,3.6567,up
2021-06-27,34398.36,1251.45,3.7755,up
2021-06-28,34577.16,178.80,0.5198,up
2021-06-29,35119.99,542.83,1.5699,up
2021-06-30,34120.01,-999.98,-2.8473,down
2021-07-01,32907.22,-1212.79,-3.5545,down
2021-07-02,33524.47,617.25,1.8757,up
2021-07-03,34641.61,1117.14,3.3323,up
2021-07-04,34350.89,-290.72,-0.8392,down
2021-07-05,33920.69,-430.20,-1.2524,down
2021-07-06,34446.50,525.81,1.5501,up
2021-07-07,33305.65,-1140.85,-3.3119,down
2021-07-08,32941.81,-363.84,-1.0924,down
2021-07-09,33800.03,858.22,2.6053,up
2021-07-10,33448.97,-351.06,-1.0386,down
2021-07-11,34447.92,998.95,2.9865,up
2021-07-12,33071.14,-1376.78,-3.9967,down
2021-07-13,31830.01,-1241.13,-3.7529,down
2021-07-14,32641.65,811.64,2.5499,up
2021-07-15,31914.89,-726.76,-2.2265,down
2021-07-16,31306.56,-608.33,-1.9061,down
2021-07-17,32166.00,859.44,2.7452,up
2021-07-18,31541.57,-624.43,-1.9413,down
2021-07-19,29600.46,-1941.11,-6.1541,down
2021-07-20,29845.10,244.64,0.8265,up
2021-07-21,31929.64,2084.54,6.9845,up
2021-07-22,32594.46,664.82,2.0821,up
2021-07-23,33669.98,1075.52,3.2997,up
2021-07-24,34160.85,490.87,1.4579,up
2021-07-25,38283.98,4123.13,12.0698,up
2021-07-26,36823.80,-1460.18,-3.8141,down
2021-07-27,39817.56,2993.76,8.1300,up
2021-07-28,39609.78,-207.78,-0.5218,down
2021-07-29,39969.99,360.21,0.9094,up
2021-07-30,41810.01,1840.02,4.6035,up
2021-07-31,42435.13,625.12,1.4951,up
2021-08-01,39785.59,-2649.54,-6.2437,down
2021-08-02,38655.74,-1129.85,-2.8398,down
2021-08-03,37976.81,-678.93,-1.7563,down
2021-08-04,39435.09,1458.28,3.8399,up
2021-08-05,40219.47,784.38,1.9890,up
2021-08-06,43691.86,3472.39,8.6336,up
2021-08-07,44322.42,630.56,1.4432,up
2021-08-08,43496.09,-826.33,-1.8644,down
2021-08-09,45708.76,2212.67,5.0871,up
2021-08-10,45585.66,-123.10,-0.2693,down
2021-08-11,45927.00,341.34,0.7488,up
2021-08-12,44847.26,-1079.74,-2.3510,down
2021-08-13,47540.00,2692.74,6.0042,up
2021-08-14,46874.81,-665.19,-1.3992,down
2021-08-15,47357.62,482.81,1.0300,up
2021-08-16,46417.00,-940.62,-1.9862,down
2021-08-17,45055.78,-1361.22,-2.9326,down
2021-08-18,44046.97,-1008.81,-2.2390,down
2021-08-19,47054.74,3007.77,6.8286,up
2021-08-20,48828.17,1773.43,3.7689,up
2021-08-21,48790.00,-38.17,-0.0782,down
2021-08-22,50260.00,1470.00,3.0129,up
2021-08-23,49331.16,-928.84,-1.8481,down
2021-08-24,47975.93,-1355.23,-2.7472,down
2021-08-25,47911.79,-64.14,-0.1337,down
2021-08-26,46822.23,-1089.56,-2.2741,down
2021-08-27,48852.99,2030.76,4.3372,up
2021-08-28,48227.31,-625.68,-1.2807,down
2021-08-29,47964.04,-263.27,-0.5459,down
2021-08-30,47150.68,-813.36,-1.6958,down
2021-08-31,47043.65,-107.03,-0.2270,down
2021-09-01,49561.24,2517.59,5.3516,up
2021-09-02,49476.83,-84.41,-0.1703,down
2021-09-03,50277.43,800.60,1.6181,up
2021-09-04,49663.21,-614.22,-1.2217,down
2021-09-05,51595.29,1932.08,3.8904,up
2021-09-06,52654.16,1058.87,2.0523,up
2021-09-07,46450.41,-6203.75,-11.7821,down
2021-09-08,46001.11,-449.30,-0.9673,down
2021-09-09,46719.71,718.60,1.5621,up
2021-09-10,45191.88,-1527.83,-3.2702,down
2021-09-11,45316.28,124.40,0.2753,up
2021-09-12,44617.79,-698.49,-1.5414,down
2021-09-13,45186.85,569.06,1.2754,up
2021-09-14,47075.48,1888.63,4.1796,up
2021-09-15,47615.08,539.60,1.1462,up
2021-09-16,47899.83,284.75,0.5980,up
2021-09-17,47924.57,24.74,0.0516,up
2021-09-18,47844.88,-79.69,-0.1663,down
2021-09-19,45542.76,-2302.12,-4.8116,down
2021-09-20,42683.01,-2859.75,-6.2793,down
2021-09-21,42052.09,-630.92,-1.4782,down
2021-09-22,44074.57,2022.48,4.8095,up
2021-09-23,44283.03,208.46,0.4730,up
2021-09-24,42608.11,-1674.92,-3.7823,down
2021-09-25,42212.40,-395.71,-0.9287,down
2021-09-26,44038.75,1826.35,4.3266,up
2021-09-27,42558.40,-1480.35,-3.3615,down
2021-09-28,42199.99,-358.41,-0.8422,down
2021-09-29,43591.23,1391.24,3.2968,up
2021-09-30,43635.79,44.56,0.1022,up
2021-10-01,47520.84,3885.05,8.9034,up
2021-10-02,47898.66,377.82,0.7951,up
2021-10-03,47468.79,-429.87,-0.8975,down
2021-10-04,49306.68,1837.89,3.8718,up
2021-10-05,51513.81,2207.13,4.4763,up
2021-10-06,54810.94,3297.13,6.4005,up
2021-10-07,53815.22,-995.72,-1.8166,down
2021-10-08,54560.58,745.36,1.3850,up
2021-10-09,55049.15,488.57,0.8955,up
2021-10-10,56507.09,1457.94,2.6484,up
2021-10-11,56711.35,204.26,0.3615,up
2021-10-12,56277.78,-433.57,-0.7645,down
2021-10-13,58065.99,1788.21,3.1775,up
2021-10-14,59431.71,1365.72,2.3520,up
2021-10-15,61655.99,2224.28,3.7426,up
2021-10-16,61115.85,-540.14,-0.8761,down
2021-10-17,62123.87,1008.02,1.6494,up
2021-10-18,62588.86,464.99,0.7485,up
2021-10-19,63844.67,1255.81,2.0064,up
2021-10-20,65069.02,1224.35,1.9177,up
2021-10-21,63237.90,-1831.12,-2.8141,down
2021-10-22,61236.52,-2001.38,-3.1648,down
2021-10-23,61227.76,-8.76,-0.0143,down
2021-10-24,62084.26,856.50,1.3989,up
2021-10-25,62758.02,673.76,1.0852,up
2021-10-26,60714.34,-2043.68,-3.2564,down
2021-10-27,58839.80,-1874.54,-3.0875,down
2021-10-28,61642.99,2803.19,4.7641,up
2021-10-29,61679.95,36.96,0.0600,up
2021-10-30,61697.84,17.89,0.0290,up
2021-10-31,59922.98,-1774.86,-2.8767,down
2021-11-01,61074.50,1151.52,1.9217,up
2021-11-02,63210.41,2135.91,3.4972,up
2021-11-03,62420.00,-790.41,-1.2504,down
2021-11-04,62203.80,-216.20,-0.3464,down
2021-11-05,61109.52,-1094.28,-1.7592,down
2021-11-06,62133.04,1023.52,1.6749,up
2021-11-07,65941.89,3808.85,6.1302,up
2021-11-08,67852.56,1910.67,2.8975,up
2021-11-09,66426.43,-1426.13,-2.1018,down
2021-11-10,65228.40,-1198.03,-1.8035,down
2021-11-11,64488.12,-740.28,-1.1349,down
2021-11-12,64029.99,-458.13,-0.7104,down
2021-11-13,64627.58,597.59,0.9333,up
2021-11-14,65579.71,952.13,1.4733,up
2021-11-15,60805.27,-4774.44,-7.2804,down
2021-11-16,59688.00,-1117.27,-1.8375,down
2021-11-17,59734.20,46.20,0.0774,up
2021-11-18,55987.83,-3746.37,-6.2717,down
2021-11-19,58380.06,2392.23,4.2728,up
2021-11-20,58982.74,602.68,1.0323,up
2021-11-21,57259.54,-1723.20,-2.9215,down
2021-11-22,56006.74,-1252.80,-2.1879,down
2021-11-23,56497.47,490.73,0.8762,up
2021-11-24,57648.89,1151.42,2.0380,up
2021-11-25,56957.86,-691.03,-1.1987,down
2021-11-26,54394.56,-2563.30,-4.5003,down
2021-11-27,54515.61,121.05,0.2225,up
2021-11-28,57515.13,2999.52,5.5021,up
2021-11-29,56510.08,-1005.05,-1.7475,down
2021-11-30,57163.87,653.79,1.1569,up
2021-12-01,56810.43,-353.44,-0.6183,down
2021-12-02,56733.69,-76.74,-0.1351,down
2021-12-03,47242.74,-9490.95,-16.7289,down
2021-12-04,49289.18,2046.44,4.3318,up
2021-12-05,48412.66,-876.52,-1.7783,down
2021-12-06,50907.27,2494.61,5.1528,up
2021-12-07,50480.93,-426.34,-0.8375,down
2021-12-08,50016.89,-464.04,-0.9192,down
2021-12-09,47694.62,-2322.27,-4.6430,down
2021-12-10,48021.76,327.14,0.6859,up
2021-12-11,49301.21,1279.45,2.6643,up
2021-12-12,48740.01,-561.20,-1.1383,down
2021-12-13,47000.00,-1740.01,-3.5700,down
2021-12-14,48209.51,1209.51,2.5734,up
2021-12-15,48712.23,502.72,1.0428,up
2021-12-16,47007.25,-1704.98,-3.5001,down
2021-12-17,46364.08,-643.17,-1.3682,down
2021-12-18,47515.09,1151.01,2.4825,up
2021-12-19,46429.19,-1085.90,-2.2854,down
2021-12-20,48579.77,2150.58,4.6320,up
2021-12-21,49206.42,626.65,1.2899,up
2021-12-22,48129.60,-1076.82,-2.1884,down
2021-12-23,50994.75,2865.15,5.9530,up
2021-12-24,50919.17,-75.58,-0.1482,down
2021-12-25,49930.39,-988.78,-1.9419,down
2021-12-26,50694.83,764.44,1.5310,up
2021-12-27,49227.13,-1467.70,-2.8952,down
2021-12-28,47570.03,-1657.10,-3.3662,down
2021-12-29,46980.71,-589.32,-1.2388,down
2021-12-30,47191.09,210.38,0.4478,up
2021-12-31,47194.73,3.64,0.0077,up
2022-01-01,47173.45,-21.28,-0.0451,down
2022-01-02,47051.37,-122.08,-0.2588,down
2022-01-03,46550.00,-501.37,-1.0656,down
2022-01-04,46407.51,-142.49,-0.3061,down
2022-01-05,43245.25,-3162.26,-6.8141,down
2022-01-06,41706.71,-1538.54,-3.5577,down
2022-01-07,41913.58,206.87,0.4960,up
2022-01-08,41791.51,-122.07,-0.2912,down
2022-01-09,42042.38,250.87,0.6003,up
2022-01-10,42211.05,168.67,0.4012,up
2022-01-11,42561.67,350.62,0.8306,up
2022-01-12,43699.99,1138.32,2.6745,up
2022-01-13,42660.01,-1039.98,-2.3798,down
2022-01-14,43088.12,428.11,1.0035,up
2022-01-15,43202.21,114.09,0.2648,up
2022-01-16,42656.03,-546.18,-1.2642,down
2022-01-17,42061.94,-594.09,-1.3927,down
2022-01-18,41287.10,-774.84,-1.8421,down
2022-01-19,42058.31,771.21,1.8679,up
2022-01-20,39134.55,-2923.76,-6.9517,down
2022-01-21,35400.02,-3734.53,-9.5428,down
2022-01-22,35571.19,171.17,0.4835,up
2022-01-23,34888.81,-682.38,-1.9184,down
2022-01-24,36044.01,1155.20,3.3111,up
2022-01-25,37338.59,1294.58,3.5917,up
2022-01-26,36173.87,-1164.72,-3.1193,down
2022-01-27,36799.82,625.95,1.7304,up
2022-01-28,37836.99,1037.17,2.8184,up
2022-01-29,38244.98,407.99,1.0783,up
2022-01-30,37121.83,-1123.15,-2.9367,down
2022-01-31,38440.77,1318.94,3.5530,up
2022-02-01,38284.69,-156.08,-0.4060,down
2022-02-02,37024.16,-1260.53,-3.2925,down
2022-02-03,37869.31,845.15,2.2827,up
2022-02-04,41379.99,3510.68,9.2705,up
2022-02-05,41612.33,232.34,0.5615,up
2022-02-06,42723.92,1111.59,2.6713,up
2022-02-07,44855.00,2131.08,4.9880,up
2022-02-08,43807.75,-1047.25,-2.3347,down
2022-02-09,44092.42,284.67,0.6498,up
2022-02-10,43359.25,-733.17,-1.6628,down
2022-02-11,42103.94,-1255.31,-2.8951,down
2022-02-12,42412.40,308.46,0.7326,up
2022-02-13,42314.42,-97.98,-0.2310,down
2022-02-14,43691.57,1377.15,3.2546,up
2022-02-15,44184.20,492.63,1.1275,up
2022-02-16,43919.46,-264.74,-0.5992,down
2022-02-17,40665.81,-3253.65,-7.4082,down
2022-02-18,40263.71,-402.10,-0.9888,down
2022-02-19,38796.64,-1467.07,-3.6437,down
2022-02-20,39294.07,497.43,1.2821,up
2022-02-21,36771.66,-2522.41,-6.4193,down
2022-02-22,38151.17,1379.51,3.7516,up
2022-02-23,35312.05,-2839.12,-7.4418,down
2022-02-24,38466.24,3154.19,8.9323,up
2022-02-25,39200.00,733.76,1.9075,up
2022-02-26,38790.93,-409.07,-1.0435,down
2022-02-27,38347.58,-443.35,-1.1429,down
2022-02-28,43492.96,5145.38,13.4177,up
2022-03-01,43973.09,480.13,1.1039,up
2022-03-02,43477.05,-496.04,-1.1281,down
2022-03-03,41436.98,-2040.07,-4.6923,down
2022-03-04,39016.73,-2420.25,-5.8408,down
2022-03-05,39387.57,370.84,0.9505,up
2022-03-06,37895.24,-1492.33,-3.7888,down
2022-03-07,38547.79,652.55,1.7220,up
2022-03-08,41791.10,3243.31,8.4137,up
2022-03-09,39238.90,-2552.20,-6.1070,down
2022-03-10,39132.09,-106.81,-0.2722,down
2022-03-11,39104.99,-27.10,-0.0693,down
2022-03-12,39089.77,-15.22,-0.0389,down
2022-03-13,38144.05,-945.72,-2.4194,down
2022-03-14,38768.41,624.36,1.6368,up
2022-03-15,39160.00,391.59,1.0101,up
2022-03-16,41014.71,1854.71,4.7362,up
2022-03-17,40522.19,-492.52,-1.2008,down
2022-03-18,41793.66,1271.47,3.1377,up
2022-03-19,41942.34,148.68,0.3557,up
2022-03-20,40832.93,-1109.41,-2.6451,down
2022-03-21,42236.46,1403.53,3.4373,up
2022-03-22,42073.94,-162.52,-0.3848,down
2022-03-23,42712.87,638.93,1.5186,up
2022-03-24,43968.16,1255.29,2.9389,up
2022-03-25,44394.03,425.87,0.9686,up
2022-03-26,44713.01,318.98,0.7185,up
2022-03-27,47049.40,2336.39,5.2253,up
2022-03-28,47335.06,285.66,0.6071,up
2022-03-29,47435.46,100.40,0.2121,up
2022-03-30,47095.56,-339.90,-0.7166,down
2022-03-31,44599.98,-2495.58,-5.2990,down
2022-04-01,46599.93,1999.95,4.4842,up
2022-04-02,45943.25,-656.68,-1.4092,down
2022-04-03,46005.44,62.19,0.1354,up
2022-04-04,46645.82,640.38,1.3920,up
2022-04-05,45215.88,-1429.94,-3.0655,down
2022-04-06,43294.04,-1921.84,-4.2504,down
2022-04-07,43605.96,311.92,0.7205,up
2022-04-08,42380.00,-1225.96,-2.8115,down
2022-04-09,42785.72,405.72,0.9573,up
2022-04-10,42111.22,-674.50,-1.5765,down
2022-04-11,39747.13,-2364.09,-5.6139,down
2022-04-12,40076.05,328.92,0.8275,up
2022-04-13,41320.00,1243.95,3.1040,up
2022-04-14,40200.94,-1119.06,-2.7083,down
2022-04-15,40434.12,233.18,0.5800,up
2022-04-16,40230.86,-203.26,-0.5027,down
2022-04-17,39813.17,-417.69,-1.0382,down
2022-04-18,40693.79,880.62,2.2119,up
2022-04-19,41386.14,692.35,1.7014,up
2022-04-20,41693.58,307.44,0.7429,up
2022-04-21,40502.11,-1191.47,-2.8577,down
2022-04-22,39463.02,-1039.09,-2.5655,down
2022-04-23,39776.57,313.55,0.7945,up
2022-04-24,39253.71,-522.86,-1.3145,down
2022-04-25,40535.29,1281.58,3.2649,up
2022-04-26,38343.18,-2192.11,-5.4079,down
2022-04-27,39342.07,998.89,2.6051,up
2022-04-28,39533.01,190.94,0.4853,up
2022-04-29,38656.37,-876.64,-2.2175,down
2022-04-30,38041.44,-614.93,-1.5908,down
2022-05-01,38674.10,632.66,1.6631,up
2022-05-02,38521.64,-152.46,-0.3942,down
2022-05-03,38013.62,-508.02,-1.3188,down
2022-05-04,39729.41,1715.79,4.5136,up
2022-05-05,36461.82,-3267.59,-8.2246,down
2022-05-06,35812.21,-649.61,-1.7816,down
2022-05-07,34480.24,-1331.97,-3.7193,down
2022-05-08,33563.15,-917.09,-2.6598,down
2022-05-09,30642.55,-2920.60,-8.7018,down
2022-05-10,31205.96,563.41,1.8387,up
2022-05-11,28406.15,-2799.81,-8.9720,down
2022-05-12,30582.54,2176.39,7.6617,up
2022-05-13,29569.89,-1012.65,-3.3112,down
2022-05-14,29721.65,151.76,0.5132,up
2022-05-15,30323.23,601.58,2.0240,up
2022-05-16,30363.59,40.36,0.1331,up
2022-05-17,29831.40,-532.19,-1.7527,down
2022-05-18,29196.78,-634.62,-2.1274,down
2022-05-19,30175.03,978.25,3.3505,up
2022-05-20,29258.18,-916.85,-3.0384,down
2022-05-21,29363.50,105.32,0.3600,up
2022-05-22,30171.32,807.82,2.7511,up
2022-05-23,29299.92,-871.40,-2.8882,down
2022-05-24,30198.09,898.17,3.0654,up
2022-05-25,29837.16,-360.93,-1.1952,down
2022-05-26,29020.01,-817.15,-2.7387,down
2022-05-27,28819.20,-200.81,-0.6920,down
2022-05-28,28984.32,165.12,0.5730,up
2022-05-29,30353.07,1368.75,4.7224,up
2022-05-30,31772.82,1419.75,4.6775,up
2022-05-31,31627.30,-145.52,-0.4580,down
2022-06-01,29730.12,-1897.18,-5.9986,down
2022-06-02,30529.96,799.84,2.6903,up
2022-06-03,29560.12,-969.84,-3.1767,down
2022-06-04,29766.95,206.83,0.6997,up
2022-06-05,31251.00,1484.05,4.9856,up
2022-06-06,29563.62,-1687.38,-5.3994,down
2022-06-07,30026.72,463.10,1.5665,up
2022-06-08,30293.49,266.77,0.8884,up
2022-06-09,30114.38,-179.11,-0.5912,down
2022-06-10,29272.43,-841.95,-2.7958,down
2022-06-11,27553.23,-1719.20,-5.8731,down
2022-06-12,25520.05,-2033.18,-7.3791,down
2022-06-13,22127.91,-3392.14,-13.2921,down
2022-06-14,21455.80,-672.11,-3.0374,down
2022-06-15,22211.62,755.82,3.5227,up
2022-06-16,20383.38,-1828.24,-8.2310,down
2022-06-17,20459.65,76.27,0.3742,up
2022-06-18,18311.09,-2148.56,-10.5015,down
2022-06-19,19980.49,1669.40,9.1169,up
2022-06-20,20614.04,633.55,3.1708,up
2022-06-21,20317.88,-296.16,-1.4367,down
2022-06-22,20213.79,-104.09,-0.5123,down
2022-06-23,21073.73,859.94,4.2542,up
2022-06-24,21300.62,226.89,1.0766,up
2022-06-25,21426.23,125.61,0.5897,up
2022-06-26,21171.32,-254.91,-1.1897,down
2022-06-27,20735.03,-436.29,-2.0608,down
2022-06-28,20282.96,-452.07,-2.1802,down
2022-06-29,20077.01,-205.95,-1.0154,down
2022-06-30,19730.76,-346.25,-1.7246,down
2022-07-01,19130.90,-599.86,-3.0402,down
2022-07-02,19264.29,133.39,0.6972,up
2022-07-03,19103.54,-160.75,-0.8344,down
2022-07-04,20312.98,1209.44,6.3310,up
2022-07-05,19951.47,-361.51,-1.7797,down
2022-07-06,20480.61,529.14,2.6521,up
2022-07-07,22130.56,1649.95,8.0562,up
2022-07-08,21612.62,-517.94,-2.3404,down
2022-07-09,21294.98,-317.64,-1.4697,down
2022-07-10,20540.69,-754.29,-3.5421,down
2022-07-11,19942.33,-598.36,-2.9130,down
2022-07-12,19473.68,-468.65,-2.3500,down
2022-07-13,20224.24,750.56,3.8542,up
2022-07-14,20611.83,387.59,1.9165,up
2022-07-15,20738.00,126.17,0.6121,up
2022-07-16,21324.18,586.18,2.8266,up
2022-07-17,21280.02,-44.16,-0.2071,down
2022-07-18,21903.55,623.53,2.9301,up
2022-07-19,23436.85,1533.30,7.0002,up
2022-07-20,22777.20,-659.65,-2.8146,down
2022-07-21,22909.90,132.70,0.5826,up
2022-07-22,22808.55,-101.35,-0.4424,down
2022-07-23,22331.86,-476.69,-2.0900,down
2022-07-24,21867.75,-464.11,-2.0782,down
2022-07-25,21141.53,-726.22,-3.3210,down
2022-07-26,21076.86,-64.67,-0.3059,down
2022-07-27,23133.45,2056.59,9.7576,up
2022-07-28,23912.85,779.40,3.3691,up
2022-07-29,23801.35,-111.50,-0.4663,down
2022-07-30,23737.40,-63.95,-0.2687,down
2022-07-31,23375.62,-361.78,-1.5241,down
2022-08-01,22853.11,-522.51,-2.2353,down
2022-08-02,22862.72,9.61,0.0421,up
2022-08-03,23095.74,233.02,1.0192,up
2022-08-04,23175.32,79.58,0.3446,up
2022-08-05,23173.65,-1.67,-0.0072,down
2022-08-06,22990.10,-183.55,-0.7921,down
2022-08-07,23306.63,316.53,1.3768,up
2022-08-08,23828.96,522.33,2.2411,up
2022-08-09,22863.75,-965.21,-4.0506,down
2022-08-10,24324.38,1460.63,6.3884,up
2022-08-11,24010.11,-314.27,-1.2920,down
2022-08-12,24796.53,786.42,3.2754,up
2022-08-13,24570.02,-226.51,-0.9135,down
2022-08-14,24867.39,297.37,1.2103,up
2022-08-15,24083.42,-783.97,-3.1526,down
2022-08-16,24006.66,-76.76,-0.3187,down
2022-08-17,23433.31,-573.35,-2.3883,down
2022-08-18,22769.05,-664.26,-2.8347,down
2022-08-19,21140.34,-1628.71,-7.1532,down
2022-08-20,21208.72,68.38,0.3235,up
2022-08-21,21414.86,206.14,0.9720,up
2022-08-22,21239.18,-175.68,-0.8204,down
2022-08-23,21264.01,24.83,0.1169,up
2022-08-24,21468.93,204.92,0.9637,up
2022-08-25,21552.17,83.24,0.3877,up
2022-08-26,20203.18,-1348.99,-6.2592,down
2022-08-27,19990.58,-212.60,-1.0523,down
2022-08-28,19868.14,-122.44,-0.6125,down
2022-08-29,20273.36,405.22,2.0395,up
2022-08-30,20402.87,129.51,0.6388,up
2022-08-31,20022.97,-379.90,-1.8620,down
2022-09-01,20157.01,134.04,0.6694,up
2022-09-02,19899.69,-257.32,-1.2766,down
2022-09-03,19772.79,-126.90,-0.6377,down
2022-09-04,19884.91,112.12,0.5670,up
2022-09-05,19790.01,-94.90,-0.4772,down
2022-09-06,18745.85,-1044.16,-5.2762,down
2022-09-07,19218.40,472.55,2.5208,up
2022-09-08,19950.73,732.33,3.8106,up
2022-09-09,21303.07,1352.34,6.7784,up
2022-09-10,21542.42,239.35,1.1235,up
2022-09-11,21656.87,114.45,0.5313,up
2022-09-12,22231.58,574.71,2.6537,up
2022-09-13,20323.04,-1908.54,-8.5848,down
2022-09-14,20023.59,-299.45,-1.4735,down
2022-09-15,19744.77,-278.82,-1.3925,down
2022-09-16,19884.93,140.16,0.7099,up
2022-09-17,20000.33,115.40,0.5803,up
2022-09-18,18776.93,-1223.40,-6.1169,down
2022-09-19,19364.19,587.26,3.1276,up
2022-09-20,19021.17,-343.02,-1.7714,down
2022-09-21,18690.39,-330.78,-1.7390,down
2022-09-22,19394.62,704.23,3.7679,up
2022-09-23,19121.92,-272.70,-1.4061,down
2022-09-24,19053.67,-68.25,-0.3569,down
2022-09-25,18868.39,-185.28,-0.9724,down
2022-09-26,20099.04,1230.65,6.5223,up
2022-09-27,18745.65,-1353.39,-6.7336,down
2022-09-28,19507.50,761.85,4.0641,up
2022-09-29,19398.12,-109.38,-0.5607,down
2022-09-30,19416.05,17.93,0.0924,up
2022-10-01,19310.83,-105.22,-0.5419,down
2022-10-02,19168.29,-142.54,-0.7381,down
2022-10-03,19598.27,429.98,2.2432,up
2022-10-04,20189.83,591.56,3.0184,up
2022-10-05,20355.69,165.86,0.8215,up
2022-10-06,19981.88,-373.81,-1.8364,down
2022-10-07,19504.78,-477.10,-2.3877,down
2022-10-08,19366.58,-138.20,-0.7085,down
2022-10-09,19452.99,86.41,0.4462,up
2022-10-10,19044.74,-408.25,-2.0986,down
2022-10-11,19048.73,3.99,0.0210,up
2022-10-12,19089.16,40.43,0.2122,up
2022-10-13,19816.85,727.69,3.8121,up
2022-10-14,19200.99,-615.86,-3.1078,down
2022-10-15,19123.43,-77.56,-0.4039,down
2022-10-16,19186.38,62.95,0.3292,up
2022-10-17,19547.90,361.52,1.8843,up
2022-10-18,19281.63,-266.27,-1.3621,down
2022-10-19,19042.09,-239.54,-1.2423,down
2022-10-20,19051.77,9.68,0.0508,up
2022-10-21,19151.22,99.45,0.5220,up
2022-10-22,19197.59,46.37,0.2421,up
2022-10-23,19391.97,194.38,1.0125,up
2022-10-24,19342.02,-49.95,-0.2576,down
2022-10-25,20251.17,909.15,4.7004,up
2022-10-26,20755.33,504.16,2.4895,up
2022-10-27,20292.81,-462.52,-2.2284,down
2022-10-28,20754.27,461.46,2.2740,up
2022-10-29,20775.50,21.23,0.1023,up
2022-10-30,20516.07,-259.43,-1.2487,down
2022-10-31,20482.57,-33.50,-0.1633,down
2022-11-01,20520.34,37.77,0.1844,up
2022-11-02,20310.63,-209.71,-1.0220,down
2022-11-03,20321.79,11.16,0.0549,up
2022-11-04,21444.61,1122.82,5.5252,up
2022-11-05,21233.88,-210.73,-0.9827,down
2022-11-06,20635.74,-598.14,-2.8169,down
2022-11-07,19796.90,-838.84,-4.0650,down
2022-11-08,18240.72,-1556.18,-7.8607,down
2022-11-09,16752.10,-1488.62,-8.1610,down
2022-11-10,17404.08,651.98,3.8919,up
2022-11-11,16822.02,-582.06,-3.3444,down
2022-11-12,16774.99,-47.03,-0.2796,down
2022-11-13,16824.78,49.79,0.2968,up
2022-11-14,16844.63,19.85,0.1180,up
2022-11-15,16824.69,-19.94,-0.1184,down
2022-11-16,16611.90,-212.79,-1.2647,down
2022-11-17,16745.10,133.20,0.8018,up
2022-11-18,16599.31,-145.79,-0.8706,down
2022-11-19,16722.90,123.59,0.7445,up
2022-11-20,16039.73,-683.17,-4.0852,down
2022-11-21,15760.42,-279.31,-1.7414,down
2022-11-22,16583.84,823.42,5.2246,up
2022-11-23,16623.90,40.06,0.2416,up
2022-11-24,16461.66,-162.24,-0.9759,down
2022-11-25,16583.75,122.09,0.7417,up
2022-11-26,16562.98,-20.77,-0.1252,down
2022-11-27,16222.06,-340.92,-2.0583,down
2022-11-28,16463.31,241.25,1.4872,up
2022-11-29,16884.18,420.87,2.5564,up
2022-11-30,17070.21,186.03,1.1018,up
2022-12-01,16955.82,-114.39,-0.6701,down
2022-12-02,16964.51,8.69,0.0513,up
2022-12-03,16996.39,31.88,0.1879,up
2022-12-04,17313.93,317.54,1.8683,up
2022-12-05,17001.17,-312.76,-1.8064,down
2022-12-06,16763.03,-238.14,-1.4007,down
2022-12-07,16825.55,62.52,0.3730,up
2022-12-08,17211.93,386.38,2.2964,up
2022-12-09,17154.06,-57.87,-0.3362,down
2022-12-10,17180.88,26.82,0.1563,up
2022-12-11,16923.94,-256.94,-1.4955,down
2022-12-12,17165.17,241.23,1.4254,up
2022-12-13,17806.01,640.84,3.7334,up
2022-12-14,17691.45,-114.56,-0.6434,down
2022-12-15,17503.35,-188.10,-1.0632,down
2022-12-16,16745.54,-757.81,-4.3295,down
2022-12-17,16750.83,5.29,0.0316,up
2022-12-18,16722.23,-28.60,-0.1707,down
2022-12-19,16802.83,80.60,0.4820,up
2022-12-20,16816.18,13.35,0.0795,up
2022-12-21,16826.87,10.69,0.0636,up
2022-12-22,16848.01,21.14,0.1256,up
2022-12-23,16848.26,0.25,0.0015,up
2022-12-24,16821.97,-26.29,-0.1560,down
2022-12-25,16843.65,21.68,0.1289,up
2022-12-26,16869.19,25.54,0.1516,up
2022-12-27,16647.16,-222.03,-1.3162,down
2022-12-28,16556.37,-90.79,-0.5454,down
2022-12-29,16474.93,-81.44,-0.4919,down
2022-12-30,16565.09,90.16,0.5473,up
2022-12-31,16526.19,-38.90,-0.2348,down
2023-01-01,16721.28,195.09,1.1805,up
2023-01-02,16729.74,8.46,0.0506,up
2023-01-03,16869.44,139.70,0.8350,up
2023-01-04,16823.64,-45.80,-0.2715,down
2023-01-05,16794.06,-29.58,-0.1758,down
2023-01-06,16948.09,154.03,0.9172,up
2023-01-07,16953.77,5.68,0.0335,up
2023-01-08,17198.48,244.71,1.4434,up
2023-01-09,17203.20,4.72,0.0274,up
2023-01-10,17446.65,243.45,1.4151,up
2023-01-11,18138.22,691.57,3.9639,up
2023-01-12,18824.25,686.03,3.7822,up
2023-01-13,20897.36,2073.11,11.0130,up
2023-01-14,20735.69,-161.67,-0.7736,down
2023-01-15,21109.23,373.54,1.8014,up
2023-01-16,21133.65,24.42,0.1157,up
2023-01-17,21307.94,174.29,0.8247,up
2023-01-18,20818.95,-488.99,-2.2949,down
2023-01-19,20959.44,140.49,0.6748,up
2023-01-20,22638.36,1678.92,8.0103,up
2023-01-21,22895.20,256.84,1.1345,up
2023-01-22,22695.90,-199.30,-0.8705,down
2023-01-23,23054.08,358.18,1.5782,up
2023-01-24,22712.45,-341.63,-1.4819,down
2023-01-25,22966.73,254.28,1.1196,up
2023-01-26,23072.77,106.04,0.4617,up
2023-01-27,22991.51,-81.26,-0.3522,down
2023-01-28,23203.86,212.35,0.9236,up
2023-01-29,23642.81,438.95,1.8917,up
2023-01-30,22978.24,-664.57,-2.8109,down
2023-01-31,23076.68,98.44,0.4284,up
2023-02-01,23781.12,704.44,3.0526,up
2023-02-02,23456.23,-324.89,-1.3662,down
2023-02-03,23329.18,-127.05,-0.5416,down
2023-02-04,23377.40,48.22,0.2067,up
2023-02-05,22879.69,-497.71,-2.1290,down
2023-02-06,22910.91,31.22,0.1365,up
2023-02-07,23232.68,321.77,1.4044,up
2023-02-08,22676.41,-556.27,-2.3943,down
2023-02-09,21911.71,-764.70,-3.3722,down
2023-02-10,21692.63,-219.08,-0.9998,down
2023-02-11,21798.42,105.79,0.4877,up
2023-02-12,21867.69,69.27,0.3178,up
2023-02-13,21768.48,-99.21,-0.4537,down
2023-02-14,22109.89,341.41,1.5684,up
2023-02-15,24612.95,2503.06,11.3210,up
2023-02-16,23637.04,-975.91,-3.9650,down
2023-02-17,24519.01,881.97,3.7313,up
2023-02-18,24582.62,63.61,0.2594,up
2023-02-19,24503.65,-78.97,-0.3212,down
2023-02-20,24999.95,496.30,2.0254,up
2023-02-21,24060.95,-939.00,-3.7560,down
2023-02-22,24376.27,315.32,1.3105,up
2023-02-23,23830.32,-545.95,-2.2397,down
2023-02-24,23117.16,-713.16,-2.9927,down
2023-02-25,23154.57,37.41,0.1618,up
2023-02-26,23423.31,268.74,1.1606,up
2023-02-27,23236.68,-186.63,-0.7968,down
2023-02-28,23716.06,479.38,2.0630,up
2023-03-01,23391.87,-324.19,-1.3670,down
2023-03-02,22360.78,-1031.09,-4.4079,down
2023-03-03,22359.09,-1.69,-0.0076,down
2023-03-04,22375.70,16.61,0.0743,up
2023-03-05,22392.74,17.04,0.0762,up
2023-03-06,22419.71,26.97,0.1204,up
2023-03-07,21971.03,-448.68,-2.0013,down
2023-03-08,21688.54,-282.49,-1.2857,down
2023-03-09,19953.58,-1734.96,-7.9994,down
2023-03-10,19850.81,-102.77,-0.5150,down
2023-03-11,20346.71,495.90,2.4981,up
2023-03-12,22231.62,1884.91,9.2640,up
2023-03-13,24374.20,2142.58,9.6375,up
2023-03-14,24717.65,343.45,1.4091,up
2023-03-15,24265.43,-452.22,-1.8295,down
2023-03-16,25781.66,1516.23,6.2485,up
2023-03-17,27307.54,1525.88,5.9185,up
2023-03-18,27198.71,-108.83,-0.3985,down
2023-03-19,27269.17,70.46,0.2591,up
2023-03-20,27787.29,518.12,1.9000,up
2023-03-21,28154.14,366.85,1.3202,up
2023-03-22,27356.78,-797.36,-2.8321,down
2023-03-23,28219.98,863.20,3.1553,up
2023-03-24,27581.65,-638.33,-2.2620,down
2023-03-25,27529.26,-52.39,-0.1899,down
2023-03-26,27888.68,359.42,1.3056,up
2023-03-27,26971.71,-916.97,-3.2880,down
2023-03-28,27367.45,395.74,1.4672,up
2023-03-29,28489.18,1121.73,4.0988,up
2023-03-30,28168.41,-320.77,-1.1259,down
2023-03-31,28541.10,372.69,1.3231,up
2023-04-01,28476.59,-64.51,-0.2260,down
2023-04-02,27753.85,-722.74,-2.5380,down
2023-04-03,27855.06,101.21,0.3647,up
2023-04-04,28544.72,689.66,2.4759,up
2023-04-05,28128.42,-416.30,-1.4584,down
2023-04-06,28038.66,-89.76,-0.3191,down
2023-04-07,28023.39,-15.27,-0.0545,down
2023-04-08,28027.71,4.32,0.0154,up
2023-04-09,28278.45,250.74,0.8946,up
2023-04-10,30115.95,1837.50,6.4979,up
2023-04-11,29922.04,-193.91,-0.6439,down
2023-04-12,30072.17,150.13,0.5017,up
2023-04-13,30690.88,618.71,2.0574,up
2023-04-14,30376.14,-314.74,-1.0255,down
2023-04-15,30249.37,-126.77,-0.4173,down
2023-04-16,29982.80,-266.57,-0.8812,down
2023-04-17,29446.99,-535.81,-1.7871,down
2023-04-18,30211.23,764.24,2.5953,up
2023-04-19,28862.52,-1348.71,-4.4643,down
2023-04-20,28321.41,-541.11,-1.8748,down
2023-04-21,27322.16,-999.25,-3.5282,down
2023-04-22,27557.84,235.68,0.8626,up
2023-04-23,27790.48,232.64,0.8442,up
2023-04-24,27345.72,-444.76,-1.6004,down
2023-04-25,28309.10,963.38,3.5230,up
2023-04-26,28885.79,576.69,2.0371,up
2023-04-27,29420.52,534.73,1.8512,up
2023-04-28,29345.74,-74.78,-0.2542,down
2023-04-29,29178.87,-166.87,-0.5686,down
2023-04-30,28561.06,-617.81,-2.1173,down
2023-05-01,28043.76,-517.30,-1.8112,down
2023-05-02,28520.90,477.14,1.7014,up
2023-05-03,29096.86,575.96,2.0194,up
2023-05-04,29198.23,101.37,0.3484,up
2023-05-05,29353.61,155.38,0.5322,up
2023-05-06,28798.56,-555.05,-1.8909,down
2023-05-07,28199.71,-598.85,-2.0794,down
2023-05-08,27629.34,-570.37,-2.0226,down
2023-05-09,27685.29,55.95,0.2025,up
2023-05-10,27446.90,-238.39,-0.8611,down
2023-05-11,26584.32,-862.58,-3.1427,down
2023-05-12,26808.27,223.95,0.8424,up
2023-05-13,26865.03,56.76,0.2117,up
2023-05-14,27232.80,367.77,1.3690,up
2023-05-15,27130.00,-102.80,-0.3775,down
2023-05-16,27060.04,-69.96,-0.2579,down
2023-05-17,27365.69,305.65,1.1295,up
2023-05-18,26834.73,-530.96,-1.9402,down
2023-05-19,26865.58,30.85,0.1150,up
2023-05-20,27176.22,310.64,1.1563,up
2023-05-21,26644.80,-531.42,-1.9555,down
2023-05-22,27366.67,721.87,2.7092,up
2023-05-23,26786.00,-580.67,-2.1218,down
2023-05-24,26183.72,-602.28,-2.2485,down
2023-05-25,26435.14,251.42,0.9602,up
2023-05-26,26752.00,316.86,1.1986,up
2023-05-27,27187.23,435.23,1.6269,up
2023-05-28,27954.99,767.76,2.8240,up
2023-05-29,27829.23,-125.76,-0.4499,down
2023-05-30,27657.30,-171.93,-0.6178,down
2023-05-31,26779.94,-877.36,-3.1723,down
2023-06-01,27000.00,220.06,0.8217,up
2023-06-02,27143.20,143.20,0.5304,up
2023-06-03,27061.38,-81.82,-0.3014,down
2023-06-04,26843.58,-217.80,-0.8048,down
2023-06-05,25730.83,-1112.75,-4.1453,down
2023-06-06,26909.01,1178.18,4.5789,up
2023-06-07,26344.17,-564.84,-2.0991,down
2023-06-08,26483.70,139.53,0.5296,up
2023-06-09,26323.07,-160.63,-0.6065,down
2023-06-10,25727.51,-595.56,-2.2625,down
2023-06-11,25791.29,63.78,0.2479,up
2023-06-12,26063.85,272.56,1.0568,up
2023-06-13,25985.07,-78.78,-0.3023,down
2023-06-14,25065.35,-919.72,-3.5394,down
2023-06-15,25561.74,496.39,1.9804,up
2023-06-16,26262.16,700.42,2.7401,up
2023-06-17,26548.45,286.29,1.0901,up
2023-06-18,26403.36,-145.09,-0.5465,down
2023-06-19,26896.52,493.16,1.8678,up
2023-06-20,28711.15,1814.63,6.7467,up
2023-06-21,30296.01,1584.86,5.5200,up
2023-06-22,30007.96,-288.05,-0.9508,down
2023-06-23,30730.01,722.05,2.4062,up
2023-06-24,30748.46,18.45,0.0600,up
2023-06-25,30296.36,-452.10,-1.4703,down
2023-06-26,30371.57,75.21,0.2482,up
2023-06-27,30452.75,81.18,0.2673,up
2023-06-28,30176.00,-276.75,-0.9088,down
2023-06-29,30745.05,569.05,1.8858,up
2023-06-30,30398.01,-347.04,-1.1288,down
2023-07-01,30509.31,111.30,0.3661,up
2023-07-02,30756.65,247.34,0.8107,up
2023-07-03,31195.69,439.04,1.4275,up
2023-07-04,30868.71,-326.98,-1.0482,down
2023-07-05,30490.85,-377.86,-1.2241,down
2023-07-06,30135.40,-355.45,-1.1658,down
2023-07-07,30274.83,139.43,0.4627,up
2023-07-08,30287.99,13.16,0.0435,up
2023-07-09,30156.17,-131.82,-0.4352,down
2023-07-10,30476.00,319.83,1.0606,up
2023-07-11,30588.32,112.32,0.3686,up
2023-07-12,30298.01,-290.31,-0.9491,down
2023-07-13,31460.00,1161.99,3.8352,up
2023-07-14,30292.91,-1167.09,-3.7098,down
2023-07-15,30188.00,-104.91,-0.3463,down
2023-07-16,30312.66,124.66,0.4129,up
2023-07-17,30073.96,-238.70,-0.7875,down
2023-07-18,30059.11,-14.85,-0.0494,down
2023-07-19,29948.01,-111.10,-0.3696,down
2023-07-20,29897.62,-50.39,-0.1683,down
2023-07-21,29903.41,5.79,0.0194,up
2023-07-22,29845.72,-57.69,-0.1929,down
2023-07-23,29716.01,-129.71,-0.4346,down
2023-07-24,29111.00,-605.01,-2.0360,down
2023-07-25,29242.81,131.81,0.4528,up
2023-07-26,29405.78,162.97,0.5573,up
2023-07-27,29253.85,-151.93,-0.5167,down
2023-07-28,29371.89,118.04,0.4035,up
2023-07-29,29314.92,-56.97,-0.1940,down
2023-07-30,29421.99,107.07,0.3652,up
2023-07-31,28835.00,-586.99,-1.9951,down
2023-08-01,29632.96,797.96,2.7673,up
2023-08-02,29182.14,-450.82,-1.5213,down
2023-08-03,29161.29,-20.85,-0.0714,down
2023-08-04,29094.53,-66.76,-0.2289,down
2023-08-05,29063.99,-30.54,-0.1050,down
2023-08-06,29162.67,98.68,0.3395,up
2023-08-07,29195.08,32.41,0.1111,up
2023-08-08,29716.01,520.93,1.7843,up
2023-08-09,29582.63,-133.38,-0.4488,down
2023-08-10,29412.00,-170.63,-0.5768,down
2023-08-11,29402.07,-9.93,-0.0338,down
2023-08-12,29418.56,16.49,0.0561,up
2023-08-13,29399.91,-18.65,-0.0634,down
2023-08-14,29402.01,2.10,0.0071,up
2023-08-15,29228.51,-173.50,-0.5901,down
2023-08-16,28657.31,-571.20,-1.9543,down
2023-08-17,26398.00,-2259.31,-7.8839,down
2023-08-18,25967.51,-430.49,-1.6308,down
2023-08-19,26105.24,137.73,0.5304,up
2023-08-20,26090.66,-14.58,-0.0559,down
2023-08-21,26055.99,-34.67,-0.1329,down
2023-08-22,26006.32,-49.67,-0.1906,down
2023-08-23,26442.01,435.69,1.6753,up
2023-08-24,26106.00,-336.01,-1.2707,down
2023-08-25,26087.15,-18.85,-0.0722,down
2023-08-26,26021.96,-65.19,-0.2499,down
2023-08-27,26012.98,-8.98,-0.0345,down
2023-08-28,26083.19,70.21,0.2699,up
2023-08-29,27391.13,1307.94,5.0145,up
2023-08-30,27217.27,-173.86,-0.6347,down
2023-08-31,26081.01,-1136.26,-4.1748,down
2023-09-01,25798.08,-282.93,-1.0848,down
2023-09-02,25863.91,65.83,0.2552,up
2023-09-03,25987.56,123.65,0.4781,up
2023-09-04,25692.45,-295.11,-1.1356,down
2023-09-05,25782.86,90.41,0.3519,up
2023-09-06,25837.88,55.02,0.2134,up
2023-09-07,26252.80,414.92,1.6059,up
2023-09-08,25875.00,-377.80,-1.4391,down
2023-09-09,25861.39,-13.61,-0.0526,down
2023-09-10,25740.39,-121.00,-0.4679,down
2023-09-11,25797.97,57.58,0.2237,up
2023-09-12,25879.24,81.27,0.3150,up
2023-09-13,26265.68,386.44,1.4932,up
2023-09-14,26615.39,349.71,1.3314,up
2023-09-15,26616.43,1.04,0.0039,up
2023-09-16,26529.25,-87.18,-0.3275,down
2023-09-17,26658.66,129.41,0.4878,up
2023-09-18,26818.42,159.76,0.5993,up
2023-09-19,27119.48,301.06,1.1226,up
2023-09-20,27035.00,-84.48,-0.3115,down
2023-09-21,26627.77,-407.23,-1.5063,down
2023-09-22,26532.20,-95.57,-0.3589,down
2023-09-23,26570.93,38.73,0.1460,up
2023-09-24,26157.45,-413.48,-1.5561,down
2023-09-25,26353.87,196.42,0.7509,up
2023-09-26,26278.04,-75.83,-0.2877,down
2023-09-27,26379.15,101.11,0.3848,up
2023-09-28,26957.99,578.84,2.1943,up
2023-09-29,26915.30,-42.69,-0.1584,down
2023-09-30,27044.76,129.46,0.4810,up
2023-10-01,28126.54,1081.78,4.0000,up
2023-10-02,27601.55,-524.99,-1.8665,down
2023-10-03,27430.43,-171.12,-0.6200,down
2023-10-04,27651.73,221.30,0.8068,up
2023-10-05,27559.20,-92.53,-0.3346,down
2023-10-06,27900.41,341.21,1.2381,up
2023-10-07,28064.87,164.46,0.5895,up
2023-10-08,27921.73,-143.14,-0.5100,down
2023-10-09,27632.32,-289.41,-1.0365,down
2023-10-10,27016.05,-616.27,-2.2303,down
2023-10-11,26847.07,-168.98,-0.6255,down
2023-10-12,26781.69,-65.38,-0.2435,down
2023-10-13,26930.78,149.09,0.5567,up
2023-10-14,26880.46,-50.32,-0.1868,down
2023-10-15,27235.92,355.46,1.3224,up
2023-10-16,28269.99,1034.07,3.7967,up
2023-10-17,28514.42,244.43,0.8646,up
2023-10-18,28260.00,-254.42,-0.8923,down
2023-10-19,29235.38,975.38,3.4515,up
2023-10-20,29604.43,369.05,1.2623,up
2023-10-21,29907.38,302.95,1.0233,up
2023-10-22,30736.69,829.31,2.7729,up
2023-10-23,34061.60,3324.91,10.8174,up
2023-10-24,33999.39,-62.21,-0.1826,down
2023-10-25,34793.29,793.90,2.3350,up
2023-10-26,34117.08,-676.21,-1.9435,down
2023-10-27,34060.00,-57.08,-0.1673,down
2023-10-28,33970.87,-89.13,-0.2617,down
2023-10-29,34270.42,299.55,0.8818,up
2023-10-30,34209.33,-61.09,-0.1783,down
2023-10-31,34418.40,209.07,0.6111,up
2023-11-01,35571.68,1153.28,3.3508,up
2023-11-02,34681.92,-889.76,-2.5013,down
2023-11-03,34708.90,26.98,0.0778,up
2023-11-04,35277.01,568.11,1.6368,up
2023-11-05,34904.72,-372.29,-1.0553,down
2023-11-06,34937.71,32.99,0.0945,up
2023-11-07,35226.40,288.69,0.8263,up
2023-11-08,36533.04,1306.64,3.7093,up
2023-11-09,36439.98,-93.06,-0.2547,down
2023-11-10,37006.40,566.42,1.5544,up
2023-11-11,37127.95,121.55,0.3285,up
2023-11-12,36960.29,-167.66,-0.4516,down
2023-11-13,36683.86,-276.43,-0.7479,down
2023-11-14,35576.88,-1106.98,-3.0176,down
2023-11-15,37437.25,1860.37,5.2292,up
2023-11-16,36239.76,-1197.49,-3.1987,down
2023-11-17,36417.16,177.40,0.4895,up
2023-11-18,36611.50,194.34,0.5336,up
2023-11-19,37244.47,632.97,1.7289,up
2023-11-20,37279.91,35.44,0.0952,up
2023-11-21,36439.81,-840.10,-2.2535,down
2023-11-22,37369.21,929.40,2.5505,up
2023-11-23,37522.99,153.78,0.4115,up
2023-11-24,37802.40,279.41,0.7446,up
2023-11-25,37789.78,-12.62,-0.0334,down
2023-11-26,37283.19,-506.59,-1.3405,down
2023-11-27,37105.11,-178.08,-0.4776,down
2023-11-28,38096.69,991.58,2.6724,up
2023-11-29,37792.98,-303.71,-0.7972,down
2023-11-30,38244.08,451.10,1.1936,up
2023-12-01,38702.48,458.40,1.1986,up
2023-12-02,39478.72,776.24,2.0057,up
2023-12-03,41441.10,1962.38,4.9707,up
2023-12-04,41528.00,86.90,0.2097,up
2023-12-05,43688.87,2160.87,5.2034,up
2023-12-06,43884.01,195.14,0.4467,up
2023-12-07,43166.01,-718.00,-1.6361,down
2023-12-08,44180.22,1014.21,2.3496,up
2023-12-09,43966.44,-213.78,-0.4839,down
2023-12-10,42132.51,-1833.93,-4.1712,down
2023-12-11,41916.27,-216.24,-0.5132,down
2023-12-12,41115.27,-801.00,-1.9110,down
2023-12-13,42898.98,1783.71,4.3383,up
2023-12-14,42699.99,-198.99,-0.4639,down
2023-12-15,42222.67,-477.32,-1.1178,down
2023-12-16,41886.75,-335.92,-0.7956,down
2023-12-17,41126.02,-760.73,-1.8162,down
2023-12-18,43036.16,1910.14,4.6446,up
2023-12-19,42924.23,-111.93,-0.2601,down
2023-12-20,43764.50,840.27,1.9576,up
2023-12-21,43584.37,-180.13,-0.4116,down
2023-12-22,43562.32,-22.05,-0.0506,down
2023-12-23,43651.17,88.85,0.2040,up
2023-12-24,43208.15,-443.02,-1.0149,down
2023-12-25,42774.12,-434.03,-1.0045,down
2023-12-26,42455.83,-318.29,-0.7441,down
2023-12-27,43049.17,593.34,1.3975,up
2023-12-28,42273.34,-775.83,-1.8022,down
2023-12-29,41947.16,-326.18,-0.7716,down
2023-12-30,42537.10,589.94,1.4064,up
2023-12-31,42492.46,-44.64,-0.1049,down
2024-01-01,45455.53,2963.07,6.9732,up
2024-01-02,45011.77,-443.76,-0.9763,down
2024-01-03,42763.08,-2248.69,-4.9958,down
2024-01-04,43777.47,1014.39,2.3721,up
2024-01-05,43653.20,-124.27,-0.2839,down
2024-01-06,44080.00,426.80,0.9777,up
2024-01-07,43974.55,-105.45,-0.2392,down
2024-01-08,46825.51,2850.96,6.4832,up
2024-01-09,45757.98,-1067.53,-2.2798,down
2024-01-10,46101.40,343.42,0.7505,up
2024-01-11,46008.19,-93.21,-0.2022,down
2024-01-12,43102.97,-2905.22,-6.3146,down
2024-01-13,43011.44,-91.53,-0.2124,down
2024-01-14,42714.78,-296.66,-0.6897,down
2024-01-15,42791.13,76.35,0.1787,up
2024-01-16,42655.94,-135.19,-0.3159,down
2024-01-17,42915.33,259.39,0.6081,up
2024-01-18,41284.25,-1631.08,-3.8007,down
2024-01-19,41650.95,366.70,0.8882,up
2024-01-20,41648.51,-2.44,-0.0059,down
2024-01-21,41043.70,-604.81,-1.4522,down
2024-01-22,39780.00,-1263.70,-3.0789,down
2024-01-23,39981.09,201.09,0.5055,up
2024-01-24,40130.00,148.91,0.3725,up
2024-01-25,39969.99,-160.01,-0.3987,down
2024-01-26,41710.14,1740.15,4.3536,up
2024-01-27,42388.82,678.68,1.6271,up
2024-01-28,42053.46,-335.36,-0.7912,down
2024-01-29,43358.25,1304.79,3.1027,up
2024-01-30,43050.01,-308.24,-0.7109,down
2024-01-31,42190.16,-859.85,-1.9973,down
2024-02-01,43086.89,896.73,2.1254,up
2024-02-02,43053.05,-33.84,-0.0785,down
2024-02-03,42845.03,-208.02,-0.4832,down
2024-02-04,43071.88,226.85,0.5295,up
2024-02-05,42890.00,-181.88,-0.4223,down
2024-02-06,42918.03,28.03,0.0654,up
2024-02-07,44513.24,1595.21,3.7169,up
2024-02-08,46202.00,1688.76,3.7938,up
2024-02-09,47151.72,949.72,2.0556,up
2024-02-10,48179.52,1027.80,2.1798,up
2024-02-11,48203.98,24.46,0.0508,up
2024-02-12,49983.09,1779.11,3.6908,up
2024-02-13,49838.93,-144.16,-0.2884,down
2024-02-14,51776.61,1937.68,3.8879,up
2024-02-15,51731.99,-44.62,-0.0862,down
2024-02-16,51911.33,179.34,0.3467,up
2024-02-17,51671.10,-240.23,-0.4628,down
2024-02-18,52394.04,722.94,1.3991,up
2024-02-19,51839.28,-554.76,-1.0588,down
2024-02-20,51568.64,-270.64,-0.5221,down
2024-02-21,51827.63,258.99,0.5022,up
2024-02-22,50915.96,-911.67,-1.7590,down
2024-02-23,51068.70,152.74,0.3000,up
2024-02-24,51719.28,650.58,1.2739,up
2024-02-25,51293.26,-426.02,-0.8237,down
2024-02-26,56059.08,4765.82,9.2913,up
2024-02-27,58241.10,2182.02,3.8924,up
2024-02-28,62707.17,4466.07,7.6682,up
2024-02-29,61434.00,-1273.17,-2.0303,down
2024-03-01,62011.85,577.85,0.9406,up
2024-03-02,61598.00,-413.85,-0.6674,down
2024-03-03,64066.62,2468.62,4.0076,up
2024-03-04,66129.64,2063.02,3.2201,up
2024-03-05,66676.46,546.82,0.8269,up
2024-03-06,66387.78,-288.68,-0.4330,down
2024-03-07,67223.02,835.24,1.2581,up
2024-03-08,68288.64,1065.62,1.5852,up
2024-03-09,69347.16,1058.52,1.5501,up
2024-03-10,68604.42,-742.74,-1.0710,down
2024-03-11,71619.00,3014.58,4.3941,up
2024-03-12,72057.43,438.43,0.6122,up
2024-03-13,73267.08,1209.65,1.6787,up
2024-03-14,68224.01,-5043.07,-6.8831,down
2024-03-15,69200.08,976.07,1.4307,up
2024-03-16,66538.99,-2661.09,-3.8455,down
2024-03-17,67972.01,1433.02,2.1537,up
2024-03-18,65876.01,-2096.00,-3.0836,down
2024-03-19,61860.81,-4015.20,-6.0951,down
2024-03-20,66654.45,4793.64,7.7491,up
2024-03-21,65981.99,-672.46,-1.0089,down
2024-03-22,63556.00,-2425.99,-3.6767,down
2024-03-23,63962.98,406.98,0.6403,up
2024-03-24,67350.00,3387.02,5.2953,up
2024-03-25,70423.11,3073.11,4.5629,up
2024-03-26,70387.99,-35.12,-0.0499,down
2024-03-27,69290.00,-1097.99,-1.5599,down
2024-03-28,70442.22,1152.22,1.6629,up
2024-03-29,69773.99,-668.23,-0.9486,down
2024-03-30,69916.61,142.62,0.2044,up
2024-03-31,70588.01,671.40,0.9603,up
2024-04-01,66703.97,-3884.04,-5.5024,down
2024-04-02,66225.79,-478.18,-0.7169,down
2024-04-03,65620.01,-605.78,-0.9147,down
2024-04-04,67863.99,2243.98,3.4197,up
2024-04-05,67788.01,-75.98,-0.1120,down
2024-04-06,69408.05,1620.04,2.3899,up
2024-04-07,69458.95,50.90,0.0733,up
2024-04-08,71285.00,1826.05,2.6290,up
2024-04-09,69150.18,-2134.82,-2.9948,down
2024-04-10,70851.67,1701.49,2.4606,up
2024-04-11,70977.27,125.60,0.1773,up
2024-04-12,67160.55,-3816.72,-5.3774,down
2024-04-13,63437.55,-3723.00,-5.5434,down
2024-04-14,65138.19,1700.64,2.6808,up
2024-04-15,62956.00,-2182.19,-3.3501,down
2024-04-16,63842.02,886.02,1.4074,up
2024-04-17,61988.00,-1854.02,-2.9041,down
2024-04-18,61785.14,-202.86,-0.3273,down
2024-04-19,63956.00,2170.86,3.5136,up
2024-04-20,65170.00,1214.00,1.8982,up
2024-04-21,65703.50,533.50,0.8186,up
2024-04-22,66435.01,731.51,1.1134,up
2024-04-23,66608.14,173.13,0.2606,up
2024-04-24,64282.01,-2326.13,-3.4923,down
2024-04-25,64381.24,99.23,0.1544,up
2024-04-26,63082.01,-1299.23,-2.0180,down
2024-04-27,64021.62,939.61,1.4895,up
2024-04-28,62279.67,-1741.95,-2.7209,down
2024-04-29,63647.99,1368.32,2.1971,up
2024-04-30,60246.03,-3401.96,-5.3450,down
2024-05-01,57442.88,-2803.15,-4.6528,down
2024-05-02,59720.30,2277.42,3.9647,up
2024-05-03,62724.00,3003.70,5.0296,up
2024-05-04,63235.93,511.93,0.8162,up
2024-05-05,63866.59,630.66,0.9973,up
2024-05-06,63239.49,-627.10,-0.9819,down
2024-05-07,62893.99,-345.50,-0.5463,down
2024-05-08,61680.40,-1213.59,-1.9296,down
2024-05-09,62916.16,1235.76,2.0035,up
2024-05-10,60731.90,-2184.26,-3.4717,down
2024-05-11,60930.00,198.10,0.3262,up
2024-05-12,61170.00,240.00,0.3939,up
2024-05-13,62488.46,1318.46,2.1554,up
2024-05-14,61949.99,-538.47,-0.8617,down
2024-05-15,65975.39,4025.40,6.4978,up
2024-05-16,65584.53,-390.86,-0.5924,down
2024-05-17,66945.05,1360.52,2.0745,up
2024-05-18,67170.21,225.16,0.3363,up
2024-05-19,66675.22,-494.99,-0.7369,down
2024-05-20,71284.00,4608.78,6.9123,up
2024-05-21,69955.72,-1328.28,-1.8634,down
2024-05-22,69446.14,-509.58,-0.7284,down
2024-05-23,67891.83,-1554.31,-2.2382,down
2024-05-24,68757.85,866.02,1.2756,up
2024-05-25,69073.62,315.77,0.4592,up
2024-05-26,68873.43,-200.19,-0.2898,down
2024-05-27,68050.30,-823.13,-1.1951,down
2024-05-28,68829.42,779.12,1.1449,up
2024-05-29,68118.20,-711.22,-1.0333,down
2024-05-30,68535.81,417.61,0.6131,up
2024-05-31,67715.31,-820.50,-1.1972,down
2024-06-01,67789.47,74.16,0.1095,up
2024-06-02,68382.81,593.34,0.8753,up
2024-06-03,69170.22,787.41,1.1515,up
2024-06-04,70947.58,1777.36,2.5695,up
2024-06-05,71050.00,102.42,0.1444,up
2024-06-06,70989.68,-60.32,-0.0849,down
2024-06-07,69432.00,-1557.68,-2.1942,down
2024-06-08,69259.38,-172.62,-0.2486,down
2024-06-09,69613.20,353.82,0.5109,up
2024-06-10,68464.00,-1149.20,-1.6508,down
2024-06-11,67407.00,-1057.00,-1.5439,down
2024-06-12,67474.94,67.94,0.1008,up
2024-06-13,66744.00,-730.94,-1.0833,down
2024-06-14,66267.87,-476.13,-0.7134,down
2024-06-15,66146.00,-121.87,-0.1839,down
2024-06-16,66222.00,76.00,0.1149,up
2024-06-17,65500.00,-722.00,-1.0903,down
2024-06-18,65404.00,-96.00,-0.1466,down
2024-06-19,65189.99,-214.01,-0.3272,down
2024-06-20,64506.14,-683.85,-1.0490,down
2024-06-21,64327.45,-178.69,-0.2770,down
2024-06-22,64416.14,88.69,0.1379,up
2024-06-23,62862.00,-1554.14,-2.4127,down
2024-06-24,61302.59,-1559.41,-2.4807,down
2024-06-25,61936.07,633.48,1.0334,up
2024-06-26,61037.31,-898.76,-1.4511,down
2024-06-27,61828.17,790.86,1.2957,up
2024-06-28,60762.00,-1066.17,-1.7244,down
2024-06-29,60898.32,136.32,0.2244,up
2024-06-30,63437.69,2539.37,4.1699,up
2024-07-01,63138.67,-299.02,-0.4714,down
2024-07-02,60987.99,-2150.68,-3.4063,down
2024-07-03,59102.00,-1885.99,-3.0924,down
2024-07-04,55227.99,-3874.01,-6.5548,down
2024-07-05,56410.00,1182.01,2.1402,up
2024-07-06,57963.45,1553.45,2.7539,up
2024-07-07,55160.01,-2803.44,-4.8366,down
2024-07-08,57168.36,2008.35,3.6410,up
2024-07-09,58180.01,1011.65,1.7696,up
2024-07-10,57568.00,-612.01,-1.0519,down
2024-07-11,56914.01,-653.99,-1.1360,down
2024-07-12,57814.00,899.99,1.5813,up
2024-07-13,59466.15,1652.15,2.8577,up
2024-07-14,62647.87,3181.72,5.3505,up
2024-07-15,64752.14,2104.27,3.3589,up
2024-07-16,65701.66,949.52,1.4664,up
2024-07-17,64865.08,-836.58,-1.2733,down
2024-07-18,64325.00,-540.08,-0.8326,down
2024-07-19,66602.01,2277.01,3.5399,up
2024-07-20,67171.33,569.32,0.8548,up
2024-07-21,67880.01,708.68,1.0550,up
2024-07-22,67473.99,-406.02,-0.5981,down
2024-07-23,66052.71,-1421.28,-2.1064,down
2024-07-24,64093.59,-1959.12,-2.9660,down
2024-07-25,67042.01,2948.42,4.6002,up
2024-07-26,67798.00,755.99,1.1276,up
2024-07-27,67940.95,142.95,0.2108,up
2024-07-28,69347.67,1406.72,2.0705,up
2024-07-29,66610.00,-2737.67,-3.9477,down
2024-07-30,66058.00,-552.00,-0.8287,down
2024-07-31,63936.01,-2121.99,-3.2123,down
2024-08-01,64609.18,673.17,1.0529,up
2024-08-02,61895.99,-2713.19,-4.1994,down
2024-08-03,60735.00,-1160.99,-1.8757,down
2024-08-04,53890.87,-6844.13,-11.2688,down
2024-08-05,55665.73,1774.86,3.2934,up
2024-08-06,56862.00,1196.27,2.1490,up
2024-08-07,57049.74,187.74,0.3302,up
2024-08-08,61358.39,4308.65,7.5524,up
2024-08-09,60437.84,-920.55,-1.5003,down
2024-08-10,61085.01,647.17,1.0708,up
2024-08-11,58509.50,-2575.51,-4.2163,down
2024-08-12,59040.00,530.50,0.9067,up
2024-08-13,60952.83,1912.83,3.2399,up
2024-08-14,58442.98,-2509.85,-4.1177,down
2024-08-15,57890.00,-552.98,-0.9462,down
2024-08-16,59158.37,1268.37,2.1910,up
2024-08-17,59337.42,179.05,0.3027,up
2024-08-18,58736.85,-600.57,-1.0121,down
2024-08-19,60619.18,1882.33,3.2047,up
2024-08-20,59320.00,-1299.18,-2.1432,down
2024-08-21,60548.90,1228.90,2.0716,up
2024-08-22,60593.31,44.41,0.0733,up
2024-08-23,63832.01,3238.70,5.3450,up
2024-08-24,64101.01,269.00,0.4214,up
2024-08-25,64114.99,13.98,0.0218,up
2024-08-26,62970.00,-1144.99,-1.7858,down
2024-08-27,59629.01,-3340.99,-5.3057,down
2024-08-28,59141.10,-487.91,-0.8182,down
2024-08-29,59032.01,-109.09,-0.1845,down
2024-08-30,59232.01,200.00,0.3388,up
2024-08-31,58524.21,-707.80,-1.1950,down
2024-09-01,57742.01,-782.20,-1.3365,down
2024-09-02,59110.99,1368.98,2.3709,up
2024-09-03,56653.98,-2457.01,-4.1566,down
2024-09-04,57135.42,481.44,0.8498,up
2024-09-05,56588.00,-547.42,-0.9581,down
2024-09-06,53818.91,-2769.09,-4.8934,down
2024-09-07,54402.99,584.08,1.0853,up
2024-09-08,55115.00,712.01,1.3088,up
2024-09-09,56524.74,1409.74,2.5578,up
2024-09-10,56819.55,294.81,0.5216,up
2024-09-11,58232.72,1413.17,2.4871,up
2024-09-12,57845.97,-386.75,-0.6641,down
2024-09-13,60329.37,2483.40,4.2931,up
2024-09-14,60155.93,-173.44,-0.2875,down
2024-09-15,58575.09,-1580.84,-2.6279,down
2024-09-16,58060.00,-515.09,-0.8794,down
2024-09-17,60509.99,2449.99,4.2198,up
2024-09-18,62117.99,1608.00,2.6574,up
2024-09-19,63742.16,1624.17,2.6147,up
2024-09-20,62889.57,-852.59,-1.3376,down
2024-09-21,63106.00,216.43,0.3441,up
2024-09-22,64354.00,1248.00,1.9776,up
2024-09-23,63124.00,-1230.00,-1.9113,down
2024-09-24,64460.00,1336.00,2.1165,up
2024-09-25,63514.34,-945.66,-1.4670,down
2024-09-26,65366.01,1851.67,2.9154,up
2024-09-27,66063.76,697.75,1.0675,up
2024-09-28,65815.92,-247.84,-0.3752,down
2024-09-29,64553.68,-1262.24,-1.9178,down
2024-09-30,63723.48,-830.20,-1.2861,down
2024-10-01,61750.47,-1973.01,-3.0962,down
2024-10-02,61463.99,-286.48,-0.4639,down
2024-10-03,60951.99,-512.00,-0.8330,down
2024-10-04,61861.99,910.00,1.4930,up
2024-10-05,61878.66,16.67,0.0269,up
2024-10-06,63530.51,1651.85,2.6695,up
2024-10-07,62629.80,-900.71,-1.4178,down
2024-10-08,62394.07,-235.73,-0.3764,down
2024-10-09,60865.29,-1528.78,-2.4502,down
2024-10-10,60614.00,-251.29,-0.4129,down
2024-10-11,62568.00,1954.00,3.2237,up
2024-10-12,62712.31,144.31,0.2306,up
2024-10-13,64299.99,1587.68,2.5317,up
2024-10-14,65400.00,1100.01,1.7107,up
2024-10-15,67095.98,1695.98,2.5932,up
2024-10-16,67601.40,505.42,0.7533,up
2024-10-17,67555.40,-46.00,-0.0680,down
2024-10-18,68450.01,894.61,1.3243,up
2024-10-19,68188.00,-262.01,-0.3828,down
2024-10-20,68939.99,751.99,1.1028,up
2024-10-21,67390.02,-1549.97,-2.2483,down
2024-10-22,67082.10,-307.92,-0.4569,down
2024-10-23,67213.16,131.06,0.1954,up
2024-10-24,68008.00,794.84,1.1826,up
2024-10-25,66914.00,-1094.00,-1.6086,down
2024-10-26,67289.57,375.57,0.5613,up
2024-10-27,67727.59,438.02,0.6509,up
2024-10-28,70938.14,3210.55,4.7404,up
2024-10-29,72234.00,1295.86,1.8267,up
2024-10-30,72353.74,119.74,0.1658,up
2024-10-31,69369.99,-2983.75,-4.1238,down
2024-11-01,69599.99,230.00,0.3316,up
2024-11-02,68379.89,-1220.10,-1.7530,down
2024-11-03,68618.00,238.11,0.3482,up
2024-11-04,68893.99,275.99,0.4022,up
2024-11-05,73370.89,4476.90,6.4982,up
2024-11-06,74757.58,1386.69,1.8900,up
2024-11-07,76148.49,1390.91,1.8606,up
2024-11-08,76529.08,380.59,0.4998,up
2024-11-09,78832.37,2303.29,3.0097,up
2024-11-10,81109.10,2276.73,2.8881,up
2024-11-11,88983.35,7874.25,9.7082,up
2024-11-12,87356.00,-1627.35,-1.8288,down
2024-11-13,90769.42,3413.42,3.9075,up
2024-11-14,87612.00,-3157.42,-3.4785,down
2024-11-15,91117.53,3505.53,4.0012,up
2024-11-16,90550.80,-566.73,-0.6220,down
2024-11-17,91719.90,1169.10,1.2911,up
2024-11-18,91620.01,-99.89,-0.1089,down
2024-11-19,92850.38,1230.37,1.3429,up
2024-11-20,96912.01,4061.63,4.3744,up
2024-11-21,99173.70,2261.69,2.3338,up
2024-11-22,98560.85,-612.85,-0.6180,down
2024-11-23,98431.05,-129.80,-0.1317,down
2024-11-24,98047.34,-383.71,-0.3898,down
2024-11-25,93785.71,-4261.63,-4.3465,down
2024-11-26,93597.16,-188.55,-0.2010,down
2024-11-27,95299.66,1702.50,1.8190,up
2024-11-28,95625.05,325.39,0.3414,up
2024-11-29,96783.38,1158.33,1.2113,up
2024-11-30,96472.97,-310.41,-0.3207,down
2024-12-01,95999.99,-472.98,-0.4903,down
2024-12-02,95550.00,-449.99,-0.4687,down
2024-12-03,96588.81,1038.81,1.0872,up
2024-12-04,102236.10,5647.29,5.8467,up
2024-12-05,98138.54,-4097.56,-4.0079,down
2024-12-06,99405.20,1266.66,1.2907,up
2024-12-07,99675.11,269.91,0.2715,up
2024-12-08,99576.51,-98.60,-0.0989,down
2024-12-09,97196.44,-2380.07,-2.3902,down
2024-12-10,97334.60,138.16,0.1421,up
2024-12-11,100499.99,3165.39,3.2521,up
2024-12-12,100130.00,-369.99,-0.3681,down
2024-12-13,101824.00,1694.00,1.6918,up
2024-12-14,101732.09,-91.91,-0.0903,down
2024-12-15,104992.79,3260.70,3.2052,up
2024-12-16,106805.75,1812.96,1.7267,up
2024-12-17,104250.75,-2555.00,-2.3922,down
2024-12-18,101656.57,-2594.18,-2.4884,down
2024-12-19,97832.53,-3824.04,-3.7617,down
2024-12-20,99040.00,1207.47,1.2342,up
2024-12-21,96210.24,-2829.76,-2.8572,down
2024-12-22,95404.01,-806.23,-0.8380,down
2024-12-23,94233.19,-1170.82,-1.2272,down
2024-12-24,98084.33,3851.14,4.0868,up
2024-12-25,97719.99,-364.34,-0.3715,down
2024-12-26,95104.76,-2615.23,-2.6762,down
2024-12-27,94381.99,-722.77,-0.7600,down
2024-12-28,95272.04,890.05,0.9430,up
2024-12-29,93731.65,-1540.39,-1.6168,down
2024-12-30,92860.75,-870.90,-0.9291,down
2024-12-31,93684.10,823.35,0.8867,up
2025-01-01,95822.00,2137.90,2.2820,up
2025-01-02,96304.00,482.00,0.5030,up
2025-01-03,98271.88,1967.88,2.0434,up
2025-01-04,98268.77,-3.11,-0.0032,down
2025-01-05,99318.70,1049.93,1.0684,up
2025-01-06,101664.81,2346.11,2.3622,up
2025-01-07,95657.09,-6007.72,-5.9093,down
2025-01-08,93221.59,-2435.50,-2.5461,down
2025-01-09,94492.63,1271.04,1.3635,up
2025-01-10,94246.36,-246.27,-0.2606,down
2025-01-11,94323.85,77.49,0.0822,up
2025-01-12,93590.24,-733.61,-0.7778,down
2025-01-13,94864.00,1273.76,1.3610,up
2025-01-14,97301.35,2437.35,2.5693,up
2025-01-15,99799.99,2498.64,2.5679,up
2025-01-16,101440.50,1640.51,1.6438,up
2025-01-17,102821.75,1381.25,1.3616,up
2025-01-18,105167.12,2345.37,2.2810,up
2025-01-19,107120.65,1953.53,1.8575,up
2025-01-20,101989.05,-5131.60,-4.7905,down
2025-01-21,105084.77,3095.72,3.0353,up
2025-01-22,102710.27,-2374.50,-2.2596,down
2025-01-23,105046.80,2336.53,2.2749,up
2025-01-24,104385.98,-660.82,-0.6291,down
2025-01-25,104998.35,612.37,0.5866,up
2025-01-26,99048.02,-5950.33,-5.6671,down
2025-01-27,102789.72,3741.70,3.7777,up
2025-01-28,102755.82,-33.90,-0.0330,down
2025-01-29,105132.07,2376.25,2.3125,up
2025-01-30,104188.56,-943.51,-0.8975,down
2025-01-31,102166.49,-2022.07,-1.9408,down
2025-02-01,99643.30,-2523.19,-2.4697,down
2025-02-02,95333.01,-4310.29,-4.3257,down
2025-02-03,98448.02,3115.01,3.2675,up
2025-02-04,97864.43,-583.59,-0.5928,down
2025-02-05,98195.61,331.18,0.3384,up
2025-02-06,96757.05,-1438.56,-1.4650,down
2025-02-07,96209.92,-547.13,-0.5655,down
2025-02-08,97057.83,847.91,0.8813,up
2025-02-09,97429.83,372.00,0.3833,up
2025-02-10,98268.97,839.14,0.8613,up
2025-02-11,96069.58,-2199.39,-2.2381,down
2025-02-12,96070.23,0.65,0.0007,up
2025-02-13,96944.09,873.86,0.9096,up
2025-02-14,97346.26,402.17,0.4148,up
2025-02-15,97248.98,-97.28,-0.0999,down
2025-02-16,96068.22,-1180.76,-1.2142,down
2025-02-17,95456.93,-611.29,-0.6363,down
2025-02-18,95687.71,230.78,0.2418,up
2025-02-19,96867.92,1180.21,1.2334,up
2025-02-20,98179.76,1311.84,1.3543,up
2025-02-21,96288.09,-1891.67,-1.9267,down
2025-02-22,96508.85,220.76,0.2293,up
2025-02-23,95872.02,-636.83,-0.6599,down
2025-02-24,89320.01,-6552.01,-6.8341,down
2025-02-25,88720.02,-599.99,-0.6717,down
2025-02-26,86272.01,-2448.01,-2.7593,down
2025-02-27,79204.59,-7067.42,-8.1920,down
2025-02-28,84740.15,5535.56,6.9889,up
2025-03-01,86232.42,1492.27,1.7610,up
2025-03-02,92363.58,6131.16,7.1100,up
2025-03-03,83186.40,-9177.18,-9.9359,down
2025-03-04,87619.49,4433.09,5.3291,up
2025-03-05,91346.48,3726.99,4.2536,up
2025-03-06,88365.18,-2981.30,-3.2637,down
2025-03-07,86197.14,-2168.04,-2.4535,down
2025-03-08,86004.61,-192.53,-0.2234,down
2025-03-09,82047.49,-3957.12,-4.6011,down
2025-03-10,79522.29,-2525.20,-3.0777,down
2025-03-11,82127.72,2605.43,3.2764,up
2025-03-12,83577.14,1449.42,1.7648,up
2025-03-13,81888.77,-1688.37,-2.0201,down
2025-03-14,84491.99,2603.22,3.1790,up
2025-03-15,84332.34,-159.65,-0.1890,down
2025-03-16,83675.65,-656.69,-0.7787,down
2025-03-17,83147.60,-528.05,-0.6311,down
2025-03-18,83037.17,-110.43,-0.1328,down
2025-03-19,85891.02,2853.85,3.4368,up
2025-03-20,84451.96,-1439.06,-1.6754,down
2025-03-21,84256.74,-195.22,-0.2312,down
2025-03-22,84224.39,-32.35,-0.0384,down
2025-03-23,86532.07,2307.68,2.7399,up
2025-03-24,86520.88,-11.19,-0.0129,down
2025-03-25,87153.51,632.63,0.7312,up
2025-03-26,87670.18,516.67,0.5928,up
2025-03-27,86787.16,-883.02,-1.0072,down
2025-03-28,84166.30,-2620.86,-3.0199,down
2025-03-29,83088.81,-1077.49,-1.2802,down
2025-03-30,81530.00,-1558.81,-1.8761,down
2025-03-31,82962.84,1432.84,1.7574,up
2025-04-01,84550.00,1587.16,1.9131,up
2025-04-02,83483.97,-1066.03,-1.2608,down
2025-04-03,82818.52,-665.45,-0.7971,down
2025-04-04,83624.01,805.49,0.9726,up
2025-04-05,83344.14,-279.87,-0.3347,down
2025-04-06,77707.77,-5636.37,-6.7628,down
2025-04-07,79904.00,2196.23,2.8263,up
2025-04-08,75073.33,-4830.67,-6.0456,down
2025-04-09,81775.20,6701.87,8.9271,up
2025-04-10,80842.99,-932.21,-1.1400,down
2025-04-11,82973.13,2130.14,2.6349,up
2025-04-12,85432.31,2459.18,2.9638,up
2025-04-13,84566.03,-866.28,-1.0140,down
2025-04-14,85379.96,813.93,0.9625,up
2025-04-15,83695.66,-1684.30,-1.9727,down
2025-04-16,83994.23,298.57,0.3567,up
2025-04-17,84828.00,833.77,0.9927,up
2025-04-18,84883.71,55.71,0.0657,up
2025-04-19,85168.81,285.10,0.3359,up
2025-04-20,87205.56,2036.75,2.3914,up
2025-04-21,88157.55,951.99,1.0917,up
2025-04-22,93168.91,5011.36,5.6845,up
2025-04-23,92673.95,-494.96,-0.5313,down
2025-04-24,93311.83,637.88,0.6883,up
2025-04-25,94739.99,1428.16,1.5305,up
2025-04-26,94156.21,-583.78,-0.6162,down
2025-04-27,93849.93,-306.28,-0.3253,down
2025-04-28,94658.76,808.83,0.8618,up
2025-04-29,95032.84,374.08,0.3952,up
2025-04-30,94782.60,-250.24,-0.2633,down
2025-05-01,97102.32,2319.72,2.4474,up
2025-05-02,96337.50,-764.82,-0.7876,down
2025-05-03,95722.23,-615.27,-0.6387,down
2025-05-04,94031.47,-1690.76,-1.7663,down
2025-05-05,94454.01,422.54,0.4494,up
2025-05-06,96506.90,2052.89,2.1734,up
2025-05-07,99152.79,2645.89,2.7417,up
2025-05-08,102451.04,3298.25,3.3264,up
2025-05-09,103226.24,775.20,0.7567,up
2025-05-10,104007.03,780.79,0.7564,up
2025-05-11,104100.13,93.10,0.0895,up
2025-05-12,101719.40,-2380.73,-2.2870,down
2025-05-13,103587.44,1868.04,1.8365,up
2025-05-14,102753.63,-833.81,-0.8049,down
2025-05-15,104023.49,1269.86,1.2358,up
2025-05-16,103508.48,-515.01,-0.4951,down
2025-05-17,103295.70,-212.78,-0.2056,down
2025-05-18,103605.88,310.18,0.3003,up
2025-05-19,105761.92,2156.04,2.0810,up
2025-05-20,106843.59,1081.67,1.0227,up
2025-05-21,111780.84,4937.25,4.6210,up
2025-05-22,111100.01,-680.83,-0.6091,down
2025-05-23,108366.30,-2733.71,-2.4606,down
2025-05-24,108095.75,-270.55,-0.2497,down
2025-05-25,109623.53,1527.78,1.4134,up
2025-05-26,108892.16,-731.37,-0.6672,down
2025-05-27,108863.64,-28.52,-0.0262,down
2025-05-28,108044.88,-818.76,-0.7521,down
2025-05-29,106024.33,-2020.55,-1.8701,down
2025-05-30,103684.01,-2340.32,-2.2073,down
2025-05-31,104381.03,697.02,0.6723,up
2025-06-01,104829.27,448.24,0.4294,up
2025-06-02,105482.02,652.75,0.6227,up
2025-06-03,105519.27,37.25,0.0353,up
2025-06-04,105047.15,-472.12,-0.4474,down
2025-06-05,102493.30,-2553.85,-2.4311,down
2025-06-06,104871.58,2378.28,2.3204,up
2025-06-07,105471.59,600.01,0.5721,up
2025-06-08,105659.13,187.54,0.1778,up
2025-06-09,109568.02,3908.89,3.6995,up
2025-06-10,109722.95,154.93,0.1414,up
2025-06-11,107860.05,-1862.90,-1.6978,down
2025-06-12,104277.22,-3582.83,-3.3217,down
2025-06-13,105228.82,951.60,0.9126,up
2025-06-14,105473.55,244.73,0.2326,up
2025-06-15,105921.84,448.29,0.4250,up
2025-06-16,107590.41,1668.57,1.5753,up
2025-06-17,105184.84,-2405.57,-2.2359,down
2025-06-18,105100.02,-84.82,-0.0806,down
2025-06-19,104596.63,-503.39,-0.4790,down
2025-06-20,103495.87,-1100.76,-1.0524,down
2025-06-21,102375.40,-1120.47,-1.0826,down
2025-06-22,101154.14,-1221.26,-1.1929,down
2025-06-23,104919.60,3765.46,3.7225,up
2025-06-24,106232.01,1312.41,1.2509,up
2025-06-25,107853.79,1621.78,1.5266,up
2025-06-26,107477.76,-376.03,-0.3486,down
2025-06-27,107300.13,-177.63,-0.1653,down
2025-06-28,107210.78,-89.35,-0.0833,down
2025-06-29,108503.74,1292.96,1.2060,up
2025-06-30,107192.38,-1311.36,-1.2086,down
2025-07-01,106194.70,-997.68,-0.9307,down
2025-07-02,108628.21,2433.51,2.2916,up
2025-07-03,109235.57,607.36,0.5591,up
2025-07-04,108154.72,-1080.85,-0.9895,down
2025-07-05,108050.49,-104.23,-0.0964,down
2025-07-06,109389.47,1338.98,1.2392,up
2025-07-07,107901.52,-1487.95,-1.3602,down
2025-07-08,108376.41,474.89,0.4401,up
2025-07-09,111074.51,2698.10,2.4896,up
2025-07-10,116881.70,5807.19,5.2282,up
2025-07-11,117774.42,892.72,0.7638,up
2025-07-12,117753.60,-20.82,-0.0177,down
2025-07-13,120750.24,2996.64,2.5448,up
2025-07-14,117148.47,-3601.77,-2.9828,down
2025-07-15,117482.67,334.20,0.2853,up
2025-07-16,118128.80,646.13,0.5500,up
2025-07-17,120223.09,2094.29,1.7729,up
2025-07-18,118322.54,-1900.55,-1.5809,down
2025-07-19,117958.01,-364.53,-0.3081,down
2025-07-20,118404.00,445.99,0.3781,up
2025-07-21,117210.00,-1194.00,-1.0084,down
2025-07-22,118614.17,1404.17,1.1980,up
2025-07-23,118488.92,-125.25,-0.1056,down
2025-07-24,115419.66,-3069.26,-2.5903,down
2025-07-25,117489.62,2069.96,1.7934,up
2025-07-26,118182.83,693.21,0.5900,up
2025-07-27,119287.99,1105.16,0.9351,up
2025-07-28,118764.85,-523.14,-0.4386,down
2025-07-29,118161.87,-602.98,-0.5077,down
2025-07-30,118466.14,304.27,0.2575,up
2025-07-31,115648.03,-2818.11,-2.3788,down
2025-08-01,113909.86,-1738.17,-1.5030,down
2025-08-02,113604.20,-305.66,-0.2683,down
2025-08-03,114570.61,966.41,0.8507,up
2025-08-04,114256.85,-313.76,-0.2739,down
2025-08-05,113509.97,-746.88,-0.6537,down
2025-08-06,114546.03,1036.06,0.9127,up
2025-08-07,116737.35,2191.32,1.9130,up
2025-08-08,116384.01,-353.34,-0.3027,down
2025-08-09,118500.00,2115.99,1.8181,up
2025-08-10,121728.99,3228.99,2.7249,up
2025-08-11,118857.70,-2871.29,-2.3588,down
2025-08-12,119482.01,624.31,0.5253,up
2025-08-13,123337.14,3855.13,3.2265,up
2025-08-14,118968.91,-4368.23,-3.5417,down
2025-08-15,117429.63,-1539.28,-1.2939,down
2025-08-16,117684.95,255.32,0.2174,up
2025-08-17,115319.00,-2365.95,-2.0104,down
2025-08-18,114810.00,-509.00,-0.4414,down
2025-08-19,113525.91,-1284.09,-1.1184,down
2025-08-20,113954.62,428.71,0.3776,up
2025-08-21,112929.24,-1025.38,-0.8998,down
2025-08-22,115568.77,2639.53,2.3373,up
2025-08-23,115036.00,-532.77,-0.4610,down
2025-08-24,112916.84,-2119.16,-1.8422,down
2025-08-25,109879.56,-3037.28,-2.6898,down
2025-08-26,111418.15,1538.59,1.4003,up
2025-08-27,112000.01,581.86,0.5222,up
2025-08-28,111704.23,-295.78,-0.2641,down
2025-08-29,108436.20,-3268.03,-2.9256,down
2025-08-30,109223.84,787.64,0.7264,up
2025-08-31,107660.01,-1563.83,-1.4318,down
2025-09-01,110322.18,2662.17,2.4728,up
2025-09-02,111054.01,731.83,0.6634,up
2025-09-03,111148.97,94.96,0.0855,up
2025-09-04,111311.77,162.80,0.1465,up
2025-09-05,111082.22,-229.55,-0.2062,down
2025-09-06,110629.15,-453.07,-0.4079,down
2025-09-07,111052.11,422.96,0.3823,up
2025-09-08,111708.00,655.89,0.5906,up
2025-09-09,111545.88,-162.12,-0.1451,down
2025-09-10,114400.01,2854.13,2.5587,up
2025-09-11,115194.14,794.13,0.6942,up
2025-09-12,115957.00,762.86,0.6622,up
2025-09-13,115679.98,-277.02,-0.2389,down
2025-09-14,115445.45,-234.53,-0.2027,down
2025-09-15,115307.25,-138.20,-0.1197,down
2025-09-16,116372.04,1064.79,0.9234,up
2025-09-17,117581.66,1209.62,1.0394,up
2025-09-18,116977.58,-604.08,-0.5138,down
2025-09-19,115445.00,-1532.58,-1.3101,down
2025-09-20,115669.41,224.41,0.1944,up
2025-09-21,114649.89,-1019.52,-0.8814,down
2025-09-22,112339.99,-2309.90,-2.0147,down
2025-09-23,111683.09,-656.90,-0.5847,down
2025-09-24,112546.21,863.12,0.7728,up
2025-09-25,109580.01,-2966.20,-2.6355,down
2025-09-26,109553.77,-26.24,-0.0239,down
2025-09-27,109436.00,-117.77,-0.1075,down
2025-09-28,111857.51,2421.51,2.2127,up
2025-09-29,114376.39,2518.88,2.2519,up
2025-09-30,114176.92,-199.47,-0.1744,down
2025-10-01,118733.99,4557.07,3.9912,up
2025-10-02,120225.89,1491.90,1.2565,up
2025-10-03,122243.99,2018.10,1.6786,up
2025-10-04,123776.22,1532.23,1.2534,up
2025-10-05,123839.09,62.87,0.0508,up
2025-10-06,124329.74,490.65,0.3962,up
2025-10-07,121374.75,-2954.99,-2.3767,down
2025-10-08,122038.01,663.26,0.5465,up
2025-10-09,121026.01,-1012.00,-0.8292,down
2025-10-10,112300.01,-8726.00,-7.2100,down
2025-10-11,110676.00,-1624.01,-1.4461,down
2025-10-12,114821.12,4145.12,3.7453,up
2025-10-13,113500.00,-1321.12,-1.1506,down
2025-10-14,112024.29,-1475.71,-1.3002,down
2025-10-15,111329.48,-694.81,-0.6202,down
2025-10-16,109176.74,-2152.74,-1.9337,down
2025-10-17,107070.40,-2106.34,-1.9293,down
2025-10-18,107275.78,205.38,0.1918,up
2025-10-19,110145.44,2869.66,2.6750,up
2025-10-20,109059.22,-1086.22,-0.9862,down
2025-10-21,108216.02,-843.20,-0.7732,down
2025-10-22,108377.96,161.94,0.1496,up
2025-10-23,110441.46,2063.50,1.9040,up
2025-10-24,111029.99,588.53,0.5329,up
2025-10-25,111260.46,230.47,0.2076,up
2025-10-26,114958.51,3698.05,3.3238,up
2025-10-27,113908.24,-1050.27,-0.9136,down
2025-10-28,112523.49,-1384.75,-1.2157,down
2025-10-29,110751.47,-1772.02,-1.5748,down
2025-10-30,109227.86,-1523.61,-1.3757,down
2025-10-31,110226.37,998.51,0.9142,up
2025-11-01,110053.23,-173.14,-0.1571,down
2025-11-02,107468.23,-2585.00,-2.3489,down
2025-11-03,104490.72,-2977.51,-2.7706,down
2025-11-04,101993.02,-2497.70,-2.3904,down
2025-11-05,103185.48,1192.46,1.1692,up
2025-11-06,102010.00,-1175.48,-1.1392,down
2025-11-07,102352.96,342.96,0.3362,up
2025-11-08,101944.59,-408.37,-0.3990,down
2025-11-09,106461.45,4516.86,4.4307,up
2025-11-10,104783.98,-1677.47,-1.5757,down
2025-11-11,103112.66,-1671.32,-1.5950,down
2025-11-12,103475.66,363.00,0.3520,up
2025-11-13,97151.98,-6323.68,-6.1113,down
2025-11-14,96333.86,-818.12,-0.8421,down
2025-11-15,96099.99,-233.87,-0.2428,down
2025-11-16,95653.77,-446.22,-0.4643,down
2025-11-17,90512.10,-5141.67,-5.3753,down
2025-11-18,91863.64,1351.54,1.4932,up
2025-11-19,92320.18,456.54,0.4970,up
2025-11-20,84049.39,-8270.79,-8.9588,down
2025-11-21,84580.06,530.67,0.6314,up
2025-11-22,85782.19,1202.13,1.4213,up
2025-11-23,87050.39,1268.20,1.4784,up
2025-11-24,87384.81,334.42,0.3842,up
2025-11-25,87935.05,550.24,0.6297,up
2025-11-26,91408.34,3473.29,3.9498,up
2025-11-27,90910.87,-497.47,-0.5442,down
2025-11-28,90567.67,-343.20,-0.3775,down
2025-11-29,90968.16,400.49,0.4422,up
2025-11-30,86550.30,-4417.86,-4.8565,down
2025-12-01,87012.65,462.35,0.5342,up
2025-12-02,92999.99,5987.34,6.8810,up
2025-12-03,93397.67,397.68,0.4276,up
2025-12-04,92258.65,-1139.02,-1.2195,down
2025-12-05,89597.13,-2661.52,-2.8848,down
2025-12-06,89379.72,-217.41,-0.2427,down
2025-12-07,91565.46,2185.74,2.4455,up
2025-12-08,90496.80,-1068.66,-1.1671,down
2025-12-09,92782.91,2286.11,2.5262,up
2025-12-10,90272.75,-2510.16,-2.7054,down
2025-12-11,92425.34,2152.59,2.3845,up
2025-12-12,90329.97,-2095.37,-2.2671,down
2025-12-13,90245.60,-84.37,-0.0934,down
2025-12-14,89753.42,-492.18,-0.5454,down
2025-12-15,86021.51,-3731.91,-4.1580,down
2025-12-16,87045.59,1024.08,1.1905,up
2025-12-17,86833.84,-211.75,-0.2433,down
2025-12-18,87953.40,1119.56,1.2893,up
2025-12-19,88275.41,322.01,0.3661,up
2025-12-20,88174.79,-100.62,-0.1140,down
2025-12-21,89170.10,995.31,1.1288,up
2025-12-22,87574.79,-1595.31,-1.7891,down
2025-12-23,86911.53,-663.26,-0.7574,down
2025-12-24,87837.59,926.06,1.0655,up
2025-12-25,88470.75,633.16,0.7208,up
2025-12-26,87539.26,-931.49,-1.0529,down
2025-12-27,87730.85,191.59,0.2189,up
2025-12-28,89617.71,1886.86,2.1507,up
2025-12-29,87502.85,-2114.86,-2.3599,down
2025-12-30,88613.12,1110.27,1.2688,up
2025-12-31,87631.88,-981.24,-1.1073,down
2026-01-01,88857.61,1225.73,1.3987,up
2026-01-02,89577.13,719.52,0.8097,up
2026-01-03,91532.00,1954.87,2.1823,up
2026-01-04,92520.63,988.63,1.0801,up
2026-01-05,93255.08,734.45,0.7938,up
2026-01-06,92879.13,-375.95,-0.4031,down
2026-01-07,90548.02,-2331.11,-2.5098,down
2026-01-08,90741.84,193.82,0.2141,up
2026-01-09,90678.50,-63.34,-0.0698,down
2026-01-10,90710.79,32.29,0.0356,up
2026-01-11,91408.09,697.30,0.7687,up
2026-01-12,91942.00,533.91,0.5841,up
2026-01-13,95205.10,3263.10,3.5491,up
2026-01-14,96630.48,1425.38,1.4972,up
2026-01-15,95653.16,-977.32,-1.0114,down
2026-01-16,95101.67,-551.49,-0.5766,down
2026-01-17,95028.27,-73.40,-0.0772,down
2026-01-18,92841.62,-2186.65,-2.3011,down
2026-01-19,91177.98,-1663.64,-1.7919,down
2026-01-20,89213.95,-1964.03,-2.1541,down
2026-01-21,89818.79,604.84,0.6780,up
2026-01-22,89549.45,-269.34,-0.2999,down
2026-01-23,89620.10,70.65,0.0789,up
2026-01-24,88659.99,-960.11,-1.0713,down
2026-01-25,88000.64,-659.35,-0.7437,down
2026-01-26,88320.41,319.77,0.3634,up
2026-01-27,89134.35,813.94,0.9216,up
2026-01-28,88352.97,-781.38,-0.8766,down
2026-01-29,82816.98,-5535.99,-6.2658,down
2026-01-30,83546.81,729.83,0.8813,up
2026-01-31,78343.00,-5203.81,-6.2286,down
2026-02-01,76660.79,-1682.21,-2.1472,down
2026-02-02,78794.67,2133.88,2.7835,up
2026-02-03,76514.30,-2280.37,-2.8941,down
2026-02-04,70756.85,-5757.45,-7.5247,down
2026-02-05,64856.00,-5900.85,-8.3396,down
2026-02-06,68087.14,3231.14,4.9820,up
2026-02-07,69710.69,1623.55,2.3845,up
2026-02-08,70422.59,711.90,1.0212,up
2026-02-09,68919.66,-1502.93,-2.1342,down
2026-02-10,67032.72,-1886.94,-2.7379,down
2026-02-11,67217.72,185.00,0.2760,up
2026-02-12,66208.96,-1008.76,-1.5007,down
2026-02-13,69219.26,3010.30,4.5467,up
2026-02-14,70828.42,1609.16,2.3247,up
2026-02-15,68587.90,-2240.52,-3.1633,down
2026-02-16,68388.12,-199.78,-0.2913,down
2026-02-17,68106.44,-281.68,-0.4119,down
2026-02-18,67206.45,-899.99,-1.3214,down
2026-02-19,67825.91,619.46,0.9217,up
2026-02-20,67856.01,30.10,0.0444,up
2026-02-21,68005.30,149.29,0.2200,up
2026-02-22,65958.94,-2046.36,-3.0091,down
2026-02-23,63192.96,-2765.98,-4.1935,down
2026-02-24,65028.30,1835.34,2.9043,up
2026-02-25,67825.04,2796.74,4.3008,up
2026-02-26,67690.60,-134.44,-0.1982,down
2026-02-27,63826.00,-3864.60,-5.7092,down
2026-02-28,67141.39,3315.39,5.1944,up
2026-03-01,66007.52,-1133.87,-1.6888,down
2026-03-02,68172.80,2165.28,3.2804,up
2026-03-03,69493.13,1320.33,1.9367,up
2026-03-04,72055.50,2562.37,3.6872,up
2026-03-05,71056.44,-999.06,-1.3865,down
2026-03-06,67842.67,-3213.77,-4.5228,down
2026-03-07,67319.91,-522.76,-0.7705,down
2026-03-08,67205.05,-114.86,-0.1706,down
2026-03-09,69429.85,2224.80,3.3105,up
2026-03-10,69551.91,122.06,0.1758,up
2026-03-11,69446.61,-105.30,-0.1514,down
2026-03-12,71405.75,1959.14,2.8211,up
2026-03-13,71081.30,-324.45,-0.4544,down
2026-03-14,71363.14,281.84,0.3965,up
2026-03-15,73573.32,2210.18,3.0971,up
2026-03-16,74463.98,890.66,1.2106,up
2026-03-17,74446.14,-17.84,-0.0240,down
2026-03-18,71215.39,-3230.75,-4.3397,down
2026-03-19,70729.92,-485.47,-0.6817,down
2026-03-20,70657.35,-72.57,-0.1026,down
2026-03-21,69339.99,-1317.36,-1.8644,down
2026-03-22,68074.60,-1265.39,-1.8249,down
2026-03-23,70542.90,2468.30,3.6259,up
2026-03-24,70716.70,173.80,0.2464,up
2026-03-25,70921.47,204.77,0.2896,up
2026-03-26,68767.51,-2153.96,-3.0371,down
2026-03-27,66240.00,-2527.51,-3.6754,down
2026-03-28,66912.00,672.00,1.0145,up
2026-03-29,67173.80,261.80,0.3913,up
2026-03-30,67704.74,530.94,0.7904,up
2026-03-31,68170.67,465.93,0.6882,up
2026-04-01,66576.25,-1594.42,-2.3389,down
2026-04-02,66579.97,3.72,0.0056,up
2026-04-03,66832.18,252.21,0.3788,up
2026-04-04,67145.98,313.80,0.4695,up
2026-04-05,69123.69,1977.71,2.9454,up
2026-04-06,68779.21,-344.48,-0.4984,down
2026-04-07,71287.39,2508.18,3.6467,up
2026-04-08,70992.39,-295.00,-0.4138,down
2026-04-09,71868.67,876.28,1.2343,up
2026-04-10,72866.63,997.96,1.3886,up
2026-04-11,71593.19,-1273.44,-1.7476,down
2026-04-12,70976.00,-617.19,-0.8621,down
2026-04-13,74444.43,3468.43,4.8868,up
2026-04-14,74345.97,-98.46,-0.1323,down
2026-04-15,74888.21,542.24,0.7293,up
2026-04-16,74615.82,-272.39,-0.3637,down
2026-04-17,77005.47,2389.65,3.2026,up
2026-04-18,75515.77,-1489.70,-1.9345,down
2026-04-19,74634.00,-881.77,-1.1677,down
2026-04-20,75710.30,1076.30,1.4421,up
2026-04-21,77521.48,1811.18,2.3923,up
2026-04-22,77746.46,224.98,0.2902,up
2026-04-23,77737.85,-8.61,-0.0111,down
2026-04-24,77679.07,-58.78,-0.0756,down
2026-04-25,77400.21,-278.86,-0.3590,down
2026-04-26,79105.49,1705.28,2.2032,up
2026-04-27,76815.18,-2290.31,-2.8953,down
2026-04-28,76994.78,179.60,0.2338,up
2026-04-29,75928.10,-1066.68,-1.3854,down
2026-04-30,77131.08,1202.98,1.5844,up
2026-05-01,78400.00,1268.92,1.6451,up
2026-05-02,78203.08,-196.92,-0.2512,down
2026-05-03,80316.31,2113.23,2.7022,up
2026-05-04,80893.08,576.77,0.7181,up
2026-05-05,81581.69,688.61,0.8513,up
2026-05-06,80834.91,-746.78,-0.9154,down
2026-05-07,79578.85,-1256.06,-1.5539,down
2026-05-08,80383.95,805.10,1.0117,up
2026-05-09,80775.00,391.05,0.4865,up
2026-05-10,80736.01,-38.99,-0.0483,down
2026-05-11,81058.80,322.79,0.3998,up
2026-05-12,81249.99,191.19,0.2359,up
2026-05-13,79044.85,-2205.14,-2.7140,down
2026-05-14,81059.15,2014.30,2.5483,up
2026-05-15,79083.18,-1975.97,-2.4377,down
2026-05-16,78028.88,-1054.30,-1.3332,down
2026-05-17,76924.65,-1104.23,-1.4152,down
2026-05-18,76787.11,-137.54,-0.1788,down
2026-05-19,76723.54,-63.57,-0.0828,down
2026-05-20,78078.72,1355.18,1.7663,up
2026-05-21,77779.98,-298.74,-0.3826,down
2026-05-22,75635.22,-2144.76,-2.7575,down
2026-05-23,76750.00,1114.78,1.4739,up
2026-05-24,77026.67,276.67,0.3605,up
2026-05-25,76664.01,-362.66,-0.4708,down
2026-05-26,75683.00,-981.01,-1.2796,down
2026-05-27,73258.01,-2424.99,-3.2041,down
2026-05-28,73301.52,43.51,0.0594,up
2026-05-29,73524.01,222.49,0.3035,up
2026-05-30,74150.64,626.63,0.8523,up
2026-05-31,73769.06,-381.58,-0.5146,down
2026-06-01,70953.69,-2815.37,-3.8165,down
2026-06-02,65849.90,-5103.79,-7.1931,down
2026-06-03,64363.49,-1486.41,-2.2573,down
2026-06-04,62730.00,-1633.49,-2.5379,down
2026-06-05,60687.04,-2042.96,-3.2568,down
2026-06-06,61701.07,1014.03,1.6709,up
2026-06-07,63130.12,1429.05,2.3161,up
2026-06-08,62875.17,-254.95,-0.4038,down
2026-06-09,61549.64,-1325.53,-2.1082,down
2026-06-10,62689.48,1139.84,1.8519,up
2026-06-11,63524.82,835.34,1.3325,up
2026-06-12,63532.00,7.18,0.0113,up
2026-06-13,64545.30,1013.30,1.5949,up
2026-06-14,65927.10,1381.80,2.1408,up
2026-06-15,66165.21,238.11,0.3612,up
2026-06-16,65851.99,-313.22,-0.4734,down
2026-06-17,64282.82,-1569.17,-2.3829,down
2026-06-18,62773.51,-1509.31,-2.3479,down
2026-06-19,63476.79,703.28,1.1203,up
2026-06-20,64426.00,949.21,1.4954,up
2026-06-21,63974.01,-451.99,-0.7016,down
2026-06-22,64065.35,91.34,0.1428,up
2026-06-23,62729.78,-1335.57,-2.0847,down
2026-06-24,60883.65,-1846.13,-2.9430,down
2026-06-25,60036.01,-847.64,-1.3922,down
2026-06-26,60305.73,269.72,0.4493,up
2026-06-27,60197.04,-108.69,-0.1802,down
2026-06-28,60049.46,-147.58,-0.2452,down
2026-06-29,59627.48,-421.98,-0.7027,down
2026-06-30,59197.13,-430.35,-0.7217,down
2026-07-01,61058.00,1860.87,3.1435,up
2026-07-02,61434.00,376.00,0.6158,up
2026-07-03,62627.29,1193.29,1.9424,up
2026-07-04,62769.04,141.75,0.2263,up
2026-07-05,63294.00,524.96,0.8363,up
2026-07-06,63191.01,-102.99,-0.1627,down
2026-07-07,62766.00,-425.01,-0.6726,down
2026-07-08,61974.34,-791.66,-1.2613,down
2026-07-09,63947.20,1972.86,3.1833,up
2026-07-10,64150.42,203.22,0.3178,up
2026-07-11,64223.73,73.31,0.1143,up
2026-07-12,62806.41,-1417.32,-2.2068,down
2026-07-13,62572.89,-233.52,-0.3718,down
2026-07-14,64792.01,2219.12,3.5465,up
2026-07-15,64619.95,-172.06,-0.2656,down
2026-07-16,63570.00,-1049.95,-1.6248,down
2026-07-17,64017.84,447.84,0.7045,up
2026-07-18,64706.18,688.34,1.0752,up
2026-07-19,64869.80,163.62,0.2529,up
2026-07-20,65566.78,696.98,1.0744,up
2026-07-21,66210.00,643.22,0.9810,up
2026-07-22,65662.53,-547.47,-0.8269,down
2026-07-23,65456.70,-205.83,-0.3135,down
2026-07-24,64085.36,-1371.34,-2.0950,down
2026-07-25,64557.00,471.64,0.7360,up
2026-07-26,65284.00,727.00,1.1261,up
2026-07-27,63343.83,-1940.17,-2.9719,down
2026-07-28,63753.03,409.20,0.6460,up
2026-07-29,64161.98,408.95,0.6415,up
2026-07-30,64370.00,208.02,0.3242,up
2026-07-31,63004.48,-1365.52,-2.1214,down
2026-08-01,63461.95,457.47,0.7261,up
2026-08-02,62870.49,-591.46,-0.9320,down
2026-08-03,63800.01,929.52,1.4785,up
2026-08-04,64183.27,383.26,0.6007,up
2026-08-05,64531.03,347.76,0.5418,up
2026-08-06,64289.99,-241.04,-0.3735,down
2026-08-07,65033.00,743.01,1.1557,up
2026-08-08,64788.80,-244.20,-0.3755,down
2026-08-09,64982.01,193.21,0.2982,up
2026-08-10,64155.01,-827.00,-1.2727,down
2026-08-11,63835.59,-319.42,-0.4979,down
2026-08-12,63646.99,-188.60,-0.2954,down
2026-08-13,63310.00,-336.99,-0.5295,down
2026-08-14,63051.25,-258.75,-0.4087,down
2026-08-15,63130.00,78.75,0.1249,up
2026-08-16,63429.21,299.21,0.4740,up
2026-08-17,64185.01,755.80,1.1916,up
2026-08-18,64330.71,145.70,0.2270,up
2026-08-19,69195.64,4864.93,7.5624,up
2026-08-20,74510.77,5315.13,7.6813,up
2026-08-21,78410.98,3900.21,5.2344,up
2026-08-22,76927.87,-1483.11,-1.8915,down
2026-08-23,77011.75,83.88,0.1090,up
